name,link
宝贝我爱你,http://tva1.sinaimg.cn/bmiddle/ceeb653ely8gzygkr90qtj20hs0hsjt2.jpg
金钱豹头像,http://tva1.sinaimg.cn/bmiddle/005J4OU5ly1gyje6w579oj30tr0trgpk.jpg
在线撒网,http://tva1.sinaimg.cn/bmiddle/006APoFYly8h04xfzmf7fg306o06odra.gif
这世界烂透了(猫猫表情包),http://tva1.sinaimg.cn/bmiddle/ceeb653ely8h02zbrea1yg20fa0fagov.gif
你,http://tva1.sinaimg.cn/bmiddle/ceeb653ely8gzvedcuhdjg20hs0d93zv.gif
are 溜脆青梅梅制品you 溜梅你没事吧,http://tva1.sinaimg.cn/bmiddle/006APoFYly8gzve2yb19qj30hs0hs0us.jpg
累了,http://tva1.sinaimg.cn/bmiddle/006APoFYly8gzd3g7rz50g30bu09umzj.gif
BEIING 2077 爱你哟,http://tva1.sinaimg.cn/bmiddle/006qir4oly1gz079tazapj30r50sg45s.jpg
我他妈创死你,http://tva1.sinaimg.cn/bmiddle/ab4b8062gy1gxlavqgxgbj20fb0fbmxu.jpg
你们真能卷真的是卷死爷了,http://tva1.sinaimg.cn/bmiddle/ceeb653ely8gzd7tbm2pgj20rs0rsgn6.jpg
月入两干五宝宝心里苦,http://tva1.sinaimg.cn/bmiddle/ceeb653ely8h07k2jx79jj20hs0hgjrs.jpg
这不是调整指数这是要调整人口(股票基金表情包),http://tva1.sinaimg.cn/bmiddle/006APoFYly8h05tbnhgxoj3069069dfu.jpg
PDF 破大防,http://tva1.sinaimg.cn/bmiddle/ceeb653ely8gzwyk2gnikj205y060a9x.jpg
我很喜欢这位小姐姐,http://tva1.sinaimg.cn/bmiddle/ceeb653ely8gzo6xwfarlg208c08ct95.gif
被我指到的人马上跟我谈恋爱 狗狗表情包,http://tva1.sinaimg.cn/bmiddle/006APoFYly8gzfrwcn0xig3064064qmv.gif
人家就想粘着你,http://tva1.sinaimg.cn/bmiddle/ceeb653ely8gzvdl9es8qj20c80c8gm7.jpg
Qian 好冷啊不想打工了,http://tva1.sinaimg.cn/bmiddle/006APoFYly8gzn20za7nag308c08ckg3.gif
压岁钱大转盘0009000100元888188元8业福,http://tva1.sinaimg.cn/bmiddle/006APoFYly8gywrdplfw9g308w08o7nl.gif
你爹来,http://tva1.sinaimg.cn/bmiddle/008h4Hg2gy1gxb1gzxuz0g309d095nin.gif
猫咪流泪表情包,http://tva1.sinaimg.cn/bmiddle/ceeb653ely8gzo85lw677j20hs0hlab9.jpg
看到这只拖孩了吗?(去你的！熊猫头表情包),http://tva1.sinaimg.cn/bmiddle/ceeb653ely8gzcbnardicg20dw0dw76y.gif
别逼我动手你(冰墩墩表情包),http://tva1.sinaimg.cn/bmiddle/006APoFYly8gz26bg65yfj30u00u040w.jpg
送给我的辣妹爱你,http://tva1.sinaimg.cn/bmiddle/ceeb653ely8gyh3wyhs15j20u00u0q5d.jpg
哈哈哈哈哈豹笑(金钱豹表情包),http://tva1.sinaimg.cn/bmiddle/ceeb653ely8gylciqh906j20fm0dwq3p.jpg
压岁钱大转盘000950元2000100元888188元88,http://tva1.sinaimg.cn/bmiddle/006APoFYly8gyg25g3zl7g308c08ce5u.gif
大种(修勾表情包),http://tva1.sinaimg.cn/bmiddle/ceeb653ely8gycluwxydlj20hs0hhjry.jpg
你们真能卷真的是卷死爷了,http://tva1.sinaimg.cn/bmiddle/ceeb653ely8gzd7tbm2pgj20rs0rsgn6.jpg
猫猫怒视眼神表情包,http://tva1.sinaimg.cn/bmiddle/ceeb653ely8gz5g4iusugg208c08ce5j.gif
不嘛 冰墩墩动图表情包,http://tva1.sinaimg.cn/bmiddle/ceeb653ely8gz1yjmi81eg2073073wok.gif
等一个大红包(猫咪表情包),http://tva1.sinaimg.cn/bmiddle/ceeb653ely8gycmn0h031g206o06ogzc.gif
2022一定暴富(熊猫头表情包),http://tva1.sinaimg.cn/bmiddle/ceeb653ely8gxx3gluh1jg208c06v74o.gif
关于我是谁 双枪会给出答案,http://tva1.sinaimg.cn/bmiddle/006APoFYly8gxuvjnhyr2g308e08e7wh.gif
财神爷发金元宝 GIF 动图表情包,http://tva1.sinaimg.cn/bmiddle/ceeb653ely8gyoykyaypyg20dw0dwgs0.gif
熊猫头无语表情包,http://tva1.sinaimg.cn/bmiddle/ceeb653ely8gz1z8iu7h3j20p50p5dgt.jpg
为你点赞,http://tva1.sinaimg.cn/bmiddle/006qir4oly1gz079xz65ij327s2e7tpf.jpg
狗狗动图表情包,http://tva1.sinaimg.cn/bmiddle/ceeb653ely8gynufpr7lsg206a0b043t.gif
她对我说了永远诶我们猫是没有办法不相信这个的,http://tva1.sinaimg.cn/bmiddle/ceeb653ely8gyk92h3p5nj20u00v6wh5.jpg
一天到晚有空就知道涩涩我让你成天涩涩涩,http://tva1.sinaimg.cn/bmiddle/ceeb653ely8gyk5llxowhj20to0totac.jpg
打出一连串骂你的脏话,http://tva1.sinaimg.cn/bmiddle/006APoFYly8gyk3gmcf4ag308c08chbk.gif
我可能不是虾但您真的不是仁,http://tva1.sinaimg.cn/bmiddle/006APoFYly8gy238gwhtpj30tg0th764.jpg
我们群主抠得要死 一到过节就玩失踪 群聊表情包,http://tva1.sinaimg.cn/bmiddle/006APoFYly8gxzqdljoz1g308c08c1j9.gif
如何原谅犯错的男友大转盘表情包安排截到哪个做哪个 情侣表情包,http://tva1.sinaimg.cn/bmiddle/005J4OU5ly1gxzncd918cg30b10bxqv5.gif
已经2022年了?,http://tva1.sinaimg.cn/bmiddle/006APoFYly8gxxjk5ks1fg30c80c8q4r.gif
叼叼起来了,http://tva1.sinaimg.cn/bmiddle/006APoFYly8gxx3yamzdlj304e04e746.jpg
是不是背着我偷偷涩涩查岗,http://tva1.sinaimg.cn/bmiddle/ceeb653ely8gxx2ia1jcbj20u00tfwgf.jpg
