name,video_link,pic_link
《花木兰》动画导演为谷爱凌设计动画！,https://rbv01.ku6.com/wifi/o_1fs3tdmucn6dpklhtl19gj6qp,https://rbv01.ku6.com/wifi/o_1fs3tlddegfm1sf21st9fl1o4g2l
两代苏神隔空同框 苏炳添说苏翊鸣是雪上的“苏神”,https://rbv01.ku6.com/wifi/o_1fs3tdmucltfq91a5mcp61f10o,https://rbv01.ku6.com/wifi/o_1fs3tdmuce2t1u6813ch7i619h913
谷爱凌与苏翊鸣小时候曾同框：共同训练，互换滑雪板！！！,https://rbv01.ku6.com/wifi/o_1frcb9nui1scg1bkq1gkn91vlk2q,https://rbv01.ku6.com/wifi/o_1frcaqvgf15no1r5417l7q261s6pt
群星邀您“赏年画过大年”！,https://rbv01.ku6.com/wifi/o_1fq7ssvaf1bqc1tkffel16921eig2e,https://www.ku6.com/detail/596
北京警方：已受理佟丽娅对谣言的报案,https://rbv01.ku6.com/wifi/o_1fnh3t2ij7l69vq46t12rh14gs10,https://rbv01.ku6.com/wifi/o_1fnh3qvhj15q51q8t1efl1ev71lu3i
网络主播薇娅偷逃税被追缴并处罚款13.41亿元,https://rbv01.ku6.com/wifi/o_1fnh3qvhj13cfg6q9j1c5i1v5ef,https://rbv01.ku6.com/wifi/o_1fnh3qvhjgg26s25k31ol83bmg
马龙许昕为香港市民表演“乒乓绝技” 郭晶晶看台抓拍秒变“迷姐”,https://rbv01.ku6.com/wifi/o_1fm2ajgnu1pn51e621ui3nvs1nb5h,https://rbv01.ku6.com/wifi/o_1fm2ajgnuc4u1t7u1t9eiet1u4bi
侯志慧说全运会想夺冠得破世界纪录,https://rbv01.ku6.com/wifi/o_1fm2ajgnu1f6sk7j32vq3cfqf,https://rbv01.ku6.com/wifi/o_1fm2ajgnu1lgu14eovg1l6jlm0g
第十一届北京国际电影节9月21日开幕,https://rbv01.ku6.com/wifi/o_1fgdarc7r832iam1d0v9f41p37d,https://rbv01.ku6.com/wifi/o_1fgdarc7r19if1eao169r1d1pstse
迪迦奥特曼涉及持械殴打等暴力情节,https://rbv01.ku6.com/wifi/o_1fgdaforu7ku68d1prs1rbu1pcsc,https://rbv01.ku6.com/wifi/o_1fgdaforu1mav1qv21l4u31p1rqhd
“湾区升明月”大湾区中秋电影音乐晚会宣传片来了,https://rbv01.ku6.com/wifi/o_1ffs1tiei1o3jhcubni1bob2dlb,https://rbv01.ku6.com/wifi/o_1ffs1tiei1vrfn32380q87cqbc
#反诈小剧场# 且看反诈女侠的防骗秘籍,https://rbv01.ku6.com/wifi/o_1ffpcs50s1u23m4oosu1t593aml,https://rbv01.ku6.com/wifi/o_1ffpcs50s96m1cvg1je7q6bs3fm
郑爽逃税偷税被罚2.99亿！张恒涉嫌帮郑爽偷逃税被立案检查,https://rbv01.ku6.com/wifi/o_1fe5gl86f1hi318mu19o1rp513mpu,https://rbv01.ku6.com/wifi/o_1fe5h4o97ou8ee39q21092nvp24
中央网信办：关于进一步加强“饭圈”乱象治理的通知,https://rbv01.ku6.com/wifi/o_1fe5gl86f34h7k1t001f3t1gah10,https://rbv01.ku6.com/wifi/o_1fe5h4o971aon1cjb321e8d15rf25
赵薇作品被多平台下架、除名！,https://rbv01.ku6.com/wifi/o_1fe5gl86f1oma9kj1goi12opvorn,https://rbv01.ku6.com/wifi/o_1fe5gl86f1rtn88o9or1ag114buo
中央网信办：取消明星艺人榜单，严禁呈现互撕信息,https://rbv01.ku6.com/wifi/o_1fe3ctrvnbokav6vgoah41nv3f,https://rbv01.ku6.com/wifi/o_1fe3ctrvoju71o0n1k9g4ic82tg
《歌声的翅膀》60秒（男声版）,https://rbv01.ku6.com/wifi/o_1f2jsm6i31nnqbdh1q4m1ci910cb15,https://rbv01.ku6.com/wifi/o_1f2jhru7a1nps1nb51rfe1bjf12qnv
《歌声的翅膀》60秒（女声版）,https://rbv01.ku6.com/wifi/o_1f2jsm6i330lsfn5j5n6b7j14,https://rbv01.ku6.com/wifi/o_1f2jhru7a1h6e7lh1cgli902tk10
《歌声的翅膀》15分钟宣传片,https://rbv01.ku6.com/wifi/o_1f2jsdh43e95p7a86n16ehgqtq,https://rbv01.ku6.com/wifi/o_1f2jhru7agq94db1kdj1kb7j2211
群星助力WiFi万能钥匙同舟计划，10亿免费流量助力小店经济,https://rbv01.ku6.com/wifi/o_1egct5qgos161kb11tsr1fkn1q0o14,https://rbv01.ku6.com/wifi/o_1egct3lvjoru5r7iun93i1qdf2b
WiFi万能钥匙星推官朱丹邀请你安全免费连网,https://rbv01.ku6.com/wifi/o_1egct5qgon7612e26mq1uf3an512,https://rbv01.ku6.com/wifi/o_1egcrsq5qlqrk9c1548139hj3v12
周延GAI携手WiFi万能钥匙，“不夜重庆”燃起烟火气,https://rbv01.ku6.com/wifi/o_1egct5qgok8ot8heql4kpi4911,https://rbv01.ku6.com/wifi/o_1egcrsq5q18ts17lumqvd4o1ov11
张慧雯携手WiFi万能钥匙热点商户联盟，复商复市,https://rbv01.ku6.com/wifi/o_1egct5qgo1lti8j31rkv18ir1uak10,https://rbv01.ku6.com/wifi/o_1egcrsq5qqbhnks1qdccca1pjg10
杨迪助力WiFi万能钥匙同舟计划，为家乡经济复苏打Call,https://rbv01.ku6.com/wifi/o_1egct5qgo17jt2nc16r61ijh1pstv,https://rbv01.ku6.com/wifi/o_1egcrsq5q1gctj9h4u11vsa2fbv
振兴小店经济，邢昭林携手WiFi万能钥匙助力家乡经济复苏,https://rbv01.ku6.com/wifi/o_1egct5qgo1gvj19grpcune9bomu,https://rbv01.ku6.com/wifi/o_1egcrsq5qel19br18vbn7d5bpu
万茜携手WiFi万能钥匙，为中小商户复工复产乘风破浪,https://rbv01.ku6.com/wifi/o_1egct5qgn1kra1sl91l44oha12cjt,https://rbv01.ku6.com/wifi/o_1egcrsq5qeaf7nijps4sk1n04t
宋轶携手WiFi万能钥匙热点商户联盟，一起助力小店经济,https://rbv01.ku6.com/wifi/o_1egct5qgn43p10p824r1t6jqc6s,https://rbv01.ku6.com/wifi/o_1egcrsq5p1f5s1qgast5i9car6s
瞿颖携手同舟计划，小店燃起烟火气,https://rbv01.ku6.com/wifi/o_1egct5qgn487od61vem2btuisr,https://rbv01.ku6.com/wifi/o_1egcrsq5p1ei6ckh1vch1pkten8q
秦岚携手WiFi万能钥匙，助力小店经济,https://rbv01.ku6.com/wifi/o_1egct5qgn1mkd8ku1ota118qvd9q,https://rbv01.ku6.com/wifi/o_1egcrsq5p1p7k1mvnrs65d4r2p
毛晓彤携手同舟计划，复工复产,https://rbv01.ku6.com/wifi/o_1egct5qgnm9117an6bsi7j5plp,https://rbv01.ku6.com/wifi/o_1egcrsq5p1ijv1j0j12qtrfl37po
林丹携手WiFi万能钥匙，为热点商户联盟打call,https://rbv01.ku6.com/wifi/o_1egct5qgn1n5n5ej1d0h6ah245o,https://rbv01.ku6.com/wifi/o_1egcrsq5p13701f1iu5gkbpg6n
同舟共济，共度难关，胡彦斌倾情助力WiFi万能钥匙同舟计划,https://rbv01.ku6.com/wifi/o_1egct5qgndm11qi5c0q3h01ljan,https://rbv01.ku6.com/wifi/o_1egcrsq5pas9148i5pg171iaelm
#2020春交会#【古董局中局】夏雨点赞魏晨厨艺：到了特级大厨的水平了,https://rbv01.ku6.com/wifi/o_1e7232pgt32h13ee1rdna510r72b,https://rbv01.ku6.com/wifi/o_1e7208e23vuq18khc1o8ig17uopkvs
#2020春交会#【嗨，什刹海】张临连奕名隔空互怼,https://rbv01.ku6.com/wifi/o_1e7216f7118le1o5l1a4d1o201k9e12,https://rbv01.ku6.com/wifi/o_1e7208qii5irulp1f4c4q771t12kvs
#2020春交会#【嗨，什刹海】张临儿子惊喜出镜,https://rbv01.ku6.com/wifi/o_1e7216f71qrs3me1mj0t8r1dvc11,https://rbv01.ku6.com/wifi/o_1e7208qiibua1rv6ushaa41thh11kvs
#2020春交会#【嗨，什刹海】张龄心讲述拍戏时领略老北京地道小吃,https://rbv01.ku6.com/wifi/o_1e7216f71i901oohsbaq2aqn210,https://rbv01.ku6.com/wifi/o_1e7208qii1is2fgrhi8jc110v10kvs
#2020春交会#【嗨，什刹海】连奕名声带模仿戏中“父亲”刘佩琦,https://rbv01.ku6.com/wifi/o_1e7216f71u521qn9128a1svb1krav,https://rbv01.ku6.com/wifi/o_1e7208qiica5ojt1j4sit511e8vkvs
#2020春交会#【古董局中局】夏雨分享陪女儿在家上网课新体验,https://rbv01.ku6.com/wifi/o_1e7216f71864fl8n3811t316cru,https://rbv01.ku6.com/wifi/o_1e7208e23177a8nj1v0o1e3i19uuqkvs
#2020春交会#【古董局中局】魏晨疫情期间带妈妈一起运动,https://rbv01.ku6.com/wifi/o_1e7216f71h1c13mh13ln1h471roms,https://rbv01.ku6.com/wifi/o_1e7208e231p123gn148r1o2ro4rokvs
#2020春交会#【古董局中局】魏晨被导演夸奖害羞捂脸,https://rbv01.ku6.com/wifi/o_1e7216f711t47a8mi9u1i5b1qpar,https://rbv01.ku6.com/wifi/o_1e7208e23112gaie1n9l1n5d47qnkvs
宝格丽绮珍意宝高级珠宝系列 震撼视觉点亮上海夜幕,https://rbv01.ku6.com/wifi/o_1fibt5s0h1t7p1uhbl4ttvk71vf,https://rbv01.ku6.com/wifi/o_1fibt5n711m874om13ovd331iesa
#2020春交会#【古董局中局】导演费振翔赞发小夏雨：他在戏里有稳定军心的作用,https://rbv01.ku6.com/wifi/o_1e7216f713k5er4pi8je0vvcq,https://rbv01.ku6.com/wifi/o_1e7208e231eimo1i6vm120pobkmkvs
#2020春交会#【古董局中局】导演费振翔爆料夏雨琴棋书画样样玩得转,https://rbv01.ku6.com/wifi/o_1e7216f71h0sg99sc91mm9ddfp,https://rbv01.ku6.com/wifi/o_1e7208e23117ukloaatm7t1vcqlkvs
#2020春交会#【枫叶红了】孙茜展示24小时带娃日程表,https://rbv01.ku6.com/wifi/o_1e7216f711pco1lo21vrc11og1oolo,https://rbv01.ku6.com/wifi/o_1e7207bb4148hjul4as417mvlekvs
#2020春交会#【枫叶红了】孙茜实地探访脱贫致富村,https://rbv01.ku6.com/wifi/o_1e7216f7117l117igm5vn4f1ul0n,https://rbv01.ku6.com/wifi/o_1e7207bb3oc1gj558v1g1u15oudkvs
#2020春交会#【枫叶红了】孙茜孟浩强回忆给小牛接生,https://rbv01.ku6.com/wifi/o_1e7216f711o91i5n3tn1h601orpm,https://rbv01.ku6.com/wifi/o_1e7207bb32rkv9716eh1vj35ssckvs
#2020春交会#【月是故乡明】王茜华赞沈行：5分钟就能把台词修到完美,https://rbv01.ku6.com/wifi/o_1e6vd1fc2hle1tkii94rjbs9910,https://rbv01.ku6.com/wifi/o_1e6vav00417kdl9msj6173r1bh910kvs
#2020春交会#【月是故乡明】王茜华说沈行是甩手掌柜,https://rbv01.ku6.com/wifi/o_1e6vd1fc2114d14okq721glt1cf7v,https://rbv01.ku6.com/wifi/o_1e6vav0041re3ig0hsf1085aibvkvs
#2020春交会#【月是故乡明】刘伯勋回忆最害怕的鱼塘抓鱼戏,https://rbv01.ku6.com/wifi/o_1e6vd1fc222l16ehhff1jj347qu,https://rbv01.ku6.com/wifi/o_1e6vav004bko9e510aa1fojtpfukvs
#2020春交会#【温暖的土地】十四年军龄乔大韦：转业后怎么没人找我演军旅戏了？,https://rbv01.ku6.com/wifi/o_1e6vd1fc2knkh091tnd1ugnf95t,https://rbv01.ku6.com/wifi/o_1e6vauiu2qet1atu1d5a1m2o1e0iqkvs
#2020春交会#【温暖的土地】乔大韦钢琴背景被调侃,https://rbv01.ku6.com/wifi/o_1e6vd1fc2ffq3f61q8r5n91iv7s,https://rbv01.ku6.com/wifi/o_1e6vauiu21rs15c4jdp1hnl19cfpkvs
#2020春交会#【温暖的土地】刘园媛在线展示亲笔画作,https://rbv01.ku6.com/wifi/o_1e6vd1fc21s7i15s560imbq9mr,https://rbv01.ku6.com/wifi/o_1e6vauiu23dvkm41ird1sc21tuaokvs
#2020春交会#【东四牌楼东】于震谈和郭宝昌导演合作战战兢兢如履薄冰,https://rbv01.ku6.com/wifi/o_1e6vd1fc1tp956h8391m486o0q,https://rbv01.ku6.com/wifi/o_1e6vatv9040b1hrq1rfr1fbcu5rkkvs
#2020春交会#【东四牌楼东】于震讲戏时曾说哭媳妇辛月,https://rbv01.ku6.com/wifi/o_1e6vd1fc11min3t5101218vcm7np,https://rbv01.ku6.com/wifi/o_1e6vatv90a86ea3lt3qch5hdjkvs
#2020春交会#【东四牌楼东】辛月盛赞老公于震：宝爷曾主动带头鼓掌,https://rbv01.ku6.com/wifi/o_1e6vd1fc11mm77r81o841tb31pafo,https://rbv01.ku6.com/wifi/o_1e6vatv90qfvf5fh2vlmi120oikvs
#2020春交会#【半路村长】张铎坦言疫情期间胖了十斤,https://rbv01.ku6.com/wifi/o_1e6vd1fc11jkir1613ffniv1jarn,https://rbv01.ku6.com/wifi/o_1e6vas3lh1fop1c002lr16c933vekvs
#2020春交会#【半路村长】于震：演员要有社会责任感传递正能量,https://rbv01.ku6.com/wifi/o_1e6vd1fc1c3g1ipc1oj6hbv1kugm,https://rbv01.ku6.com/wifi/o_1e6vas3lh1u8518kp18gk68q1grmdkvs
#2020春交会#【半路村长】辛月：于震现在离了我生活都不能自理了,https://rbv01.ku6.com/wifi/o_1e6vd1fc1kogsf61t51ho46jvl,https://rbv01.ku6.com/wifi/o_1e6vas3lh1d1f18gi12k71img8r2ckvs
#2020春交会#【有你才有家】任程伟练练“跨界歌王”唱响2020春交会,https://rbv01.ku6.com/wifi/o_1e6tv9afn142987lbbu121e1imce,https://rbv01.ku6.com/wifi/o_1e6tm9n2m1f6e10qv1ttg7ik1gqprkvs
#2020春交会#【有你才有家】任程伟练练萤幕情缘跨三代,https://rbv01.ku6.com/wifi/o_1e6tvaiu31gru1c2pla1lq91nsmo,https://rbv01.ku6.com/wifi/o_1e6tm9n2mneroi1v4e1uj81snnskvs
#2020春交会#【有你才有家】练练：任程伟特别懂演员和爱惜演员,https://rbv01.ku6.com/wifi/o_1e6tvbu7010sc1f6g1q0do4egkoq,https://rbv01.ku6.com/wifi/o_1e6tm9n2m1nphllc16764q510gjqkvs
#2020春交会#关注一线公安干警 电视局《三叉戟》主创花式推荐,https://rbv01.ku6.com/wifi/o_1e6u0rfh512ei1q3o11kv1kppl5qa,https://rbv01.ku6.com/wifi/o_1e6tm9n2muhbhnt1b981fvihmkpkvs
#2020春交会#【三叉戟】52岁的演员董勇跨界直播带货？,https://rbv01.ku6.com/wifi/o_1e6tva4h517c2fkq11k4dkh4pm,https://rbv01.ku6.com/wifi/o_1e6tm9n2m17d01oiq13q3ctc1dfqokvs
#2020春交会#【三叉戟】陈建斌：在生活的命题里，我们永远都是小学生,https://rbv01.ku6.com/wifi/o_1e6tv9pgk65mks77in1lrb1reui,https://rbv01.ku6.com/wifi/o_1e6tm9n2mf6h1776mig1nrc330nkvs
#2020春交会#何杜娟眼里的“三叉戟”：陈建斌幽默，郝平话多，董勇反差大 ,https://rbv01.ku6.com/wifi/o_1e6tva4h4jddta21ljve211l72l,https://rbv01.ku6.com/wifi/o_1e6tm9n2m1tkveplfp5kuk10dimkvs
#2020春交会#【三叉戟】陈建斌解读新时代下老警察的错位幽默,https://rbv01.ku6.com/wifi/o_1e6tv9afn1gmiuk2142fm5oo6ad,https://rbv01.ku6.com/wifi/o_1e6tm9n2m1kljlc5tkcuva1pfelkvs
#2020春交会#【三叉戟】毛病不少脾气很怪，王骁点评老警察“三叉戟”,https://rbv01.ku6.com/wifi/o_1e6tv9pgk1cir1hq71efc1i771bioh,https://rbv01.ku6.com/wifi/o_1e6tm9n2m1mql15bh1kfq1l8suclkkvs
#2020春交会 #月是故乡明 #沈行王茜华夫妇再合体,https://rbv01.ku6.com/wifi/o_1e6nme735kvn3cau949ocruso,https://rbv01.ku6.com/wifi/o_1e6nlb0241n0j5sgibt1vd21u031bkvs
#2020春交会 #小大夫 #呆萌董子健pk御姐张嘉倪,https://rbv01.ku6.com/wifi/o_1e6nme735qci1utpicmev56tfn,https://rbv01.ku6.com/wifi/o_1e6nlb024coc8t5sfr8uqboo19kvs
#2020春交会 #民警老林的幸福生活 #林永健梅婷幽默开讲,https://rbv01.ku6.com/wifi/o_1e6nme7351f5armi6g2i8c12qom,https://rbv01.ku6.com/wifi/o_1e6nlb0241budrj31254bei3fk17kvs
#2020春交会 #了不起的儿科医生 #王子文化身白衣天使,https://rbv01.ku6.com/wifi/o_1e6nme735t4r1r9n17r0arhoevl,https://rbv01.ku6.com/wifi/o_1e6nlb0231cmopf418n17225ii15kvs
#2020春交会 #嗨什刹海 #关晓彤刘佩琦隔空battle,https://rbv01.ku6.com/wifi/o_1e6nme7351mq31sq1o7l12oo6cuk,https://rbv01.ku6.com/wifi/o_1e6nlb02317al1anah8112l71mh313kvs
#2020春交会 #古董局中局之鉴墨寻瓷 #夏雨魏晨揭底佛头案,https://rbv01.ku6.com/wifi/o_1e6nme7351h36180017ovclg1fbpj,https://rbv01.ku6.com/wifi/o_1e6nlb0231uvgcgb1b6610c1svb11kvs
#2020春交会 #枫叶红了 #槿汐姑姑孙茜变身最美村姑,https://rbv01.ku6.com/wifi/o_1e6nme7351am3end7fa1hhb1ve2i,https://rbv01.ku6.com/wifi/o_1e6nlb023md8nt31o5u61m1ipkvkvs
#2020春交会 #春交会云发布 #王子文胡可董子健张嘉倪率群星云端推介,https://rbv01.ku6.com/wifi/o_1e6nme7359ag3nk10cn8rsl5gh,https://rbv01.ku6.com/wifi/o_1e6nlb02314pq1691j3gna913khtkvs
#2020春交会 #不抛弃遇上不放弃 #文松杨树林爆笑同台,https://rbv01.ku6.com/wifi/o_1e6nlt2g3maifnb1ghkvs67e34,https://rbv01.ku6.com/wifi/o_1e6nlb023t4l1jfh1nl5jt3m43rkvs
《我来自北京之过年好》看杨志刚智取各路东北“四大天王”，大年初五就在爱奇艺！,https://rbv01.ku6.com/wifi/o_1dvbl6ehbmcu1kjv50bmrm1tfvs,https://rbv01.ku6.com/wifi/o_1dvbl6ehb17v7p76onoegd14imrkvs
《铁锅炖大鹅》小伙携唢呐，励志闯天下！大年初一16_00，温情上线！,https://rbv01.ku6.com/wifi/o_1dvbl6ehb1cgp1m371cr1fe61du7q,https://rbv01.ku6.com/wifi/o_1dvbl6ehb17an1jd41d3m6qie27pkvs
《铁锅炖大鹅》 村里大鹅订单告吹，最美书记直播卖鹅解决危机！,https://rbv01.ku6.com/wifi/o_1dvbl6ehb1tre1ici1on3ebg1629o,https://rbv01.ku6.com/wifi/o_1dvbl6ehbklemoetsfbj91ii2nkvs
《 流淌的歌声》穿越40年讲述时代经典,https://rbv01.ku6.com/wifi/o_1cvrobp461eib1s3r1s2g5h820ec,https://rbv01.ku6.com/wifi/o_1cvrobj3s1td5e931s0m6r7ckbakvs
ELEMIS携手杨英格揭幕上海国金中心“精品概念店”,https://rbv01.ku6.com/wifi/o_1fj38ar531qqp1qb51in01j6016kdp,https://rbv01.ku6.com/wifi/o_1fj38059j1ugdvtm12bp7c11jlqh
突破定义 敢为焦点 ASICS亚瑟士释放潮流“敢”态度,https://rbv01.ku6.com/wifi/o_1fj3800681skk17pl17r6str6qdf,https://rbv01.ku6.com/wifi/o_1fj37vqa1s0l1cohl3b102ro96a
“奔富 ・ 不凡空间”迎来首位打卡体验官段奕宏,https://rbv01.ku6.com/wifi/o_1eg2ko96o1uoc37i16fura8pef,https://rbv01.ku6.com/wifi/o_1eg2ko3v01l8oq2vvb11ed6166da
众星云集路易威登2021春夏男装系列大秀,https://rbv01.ku6.com/wifi/o_1efe0brdi10ij1vrucmtt1o1ql3a,https://rbv01.ku6.com/wifi/o_1efdom50b9101vv11ft0rucv5vi
adidas Originals ZX 系列新配色强势登场,https://rbv01.ku6.com/wifi/o_1efdomk9f1urm1bveb751kji17dgo,https://rbv01.ku6.com/wifi/o_1efdomdvm18i71ajh5equjh1mrhm
艺术家书画作品巡展上海闭幕 唐国强畅谈书画艺术,https://rbv01.ku6.com/wifi/o_1cvi5fgk5pup59abinjtk22pk,https://rbv01.ku6.com/wifi/o_1cvi5c9ei1hed1gfd28r1act1o7akvs
砥砺奋进・玉汝于成 2019世界华裔小姐启动,https://rbv01.ku6.com/wifi/o_1cvfi5hvi18o4rkl1g9a187e1f3mn,https://rbv01.ku6.com/wifi/o_1cvfi5ebdnmc15hi161l104k1ftvl
陈奕迅 I DO,http://rbv01.ku6.com/wifi/o_1c0m15llr27h1rj9s8ksm5e0d1k,http://rbv01.ku6.com/t8z0FnpiFm_ydr9aVV2Gbg.mp4
蜜蜂少女队,http://rbv01.ku6.com/wifi/o_1c0m15va41jcq438rin29015p81m,http://rbv01.ku6.com/TfFmQTNfjRGu8AjMtURAjQ.mp4
盘点史上最牛赞助商,http://rbv01.ku6.com/wifi/o_1c0m15g3ub3q16fr1qgg1913sfm1i,http://rbv01.ku6.com/vr6-NgZp79vabBNX6JkYVg.mp4
鲁豫新男友英雄救美获芳心：曾挽其节目起死回生,https://rbv01.ku6.com/ku6_video_cover_vid_240221967.m580x360.jpg,https://rbv01.ku6.com/Jc_ar6KgZCs5Ehb6AcYf7g.mp4
不老美女刘晓庆晒每日剧照 网友大呼绝代佳人,https://rbv01.ku6.com/ku6_video_cover_vid_224763547.m580x360.jpg,https://rbv01.ku6.com/j_urKHvP6s7NESOEZJ7Uvg.mp4
乔丹迎娶古巴模特 新婚甜蜜两人共舞,https://rbv01.ku6.com/ku6_video_cover_vid_225033073.m580x360.jpg,https://rbv01.ku6.com/jbPUEywEgEhNet7-q7n4xw.mp4
赵薇凭致青 春成首位处女作过亿女导演,https://rbv01.ku6.com/ku6_video_cover_vid_225166081.m580x360.jpg,https://rbv01.ku6.com/JBGqq_Ao6xzJsFVqcREGgg.mp4
超模拍摄夏日风时尚大片 清凉服饰衬托超凡气场,https://rbv01.ku6.com/ku6_video_cover_vid_236043622.m580x360.jpg,https://rbv01.ku6.com/-L2d2h2P2F9-MtN1emrfYQ.mp4
香港音乐人周启生因独留13岁儿子在家被拘捕,https://rbv01.ku6.com/ku6_video_cover_vid_230668992.m580x360.jpg,https://rbv01.ku6.com/KQrxeW8wYlFeeKN8PtifKw.mp4
天后王菲出道早期雷人方便面发型曝光,https://rbv01.ku6.com/ku6_video_cover_vid_234625312.m580x360.jpg,https://rbv01.ku6.com/KSIOgGcNpkxsh8Z5PwLe0w.mp4
洪金宝孙子满月照曝光 模样可爱似母亲周家蔚,https://rbv01.ku6.com/ku6_video_cover_vid_216174737.m580x360.jpg,https://rbv01.ku6.com/JqJnBXqKlcpPsVIHCw4WEw.mp4
朴施厚测谎不满被追访 曝女方主动要用避孕套,https://rbv01.ku6.com/ku6_video_cover_vid_218354650.m580x360.jpg,https://rbv01.ku6.com/JgN525Hzc1kvW5BTKtyuaA.mp4
于正暗讽杨幂拍烂片 力挺袁珊珊遭批,https://rbv01.ku6.com/ku6_video_cover_vid_240348623.m580x360.jpg,https://rbv01.ku6.com/kLDSaHHchfQFviteuf845w.mp4
50岁罗嘉良相隔14年再当爸 爱妻剖腹产女,https://rbv01.ku6.com/ku6_video_cover_vid_223434753.m580x360.jpg,https://rbv01.ku6.com/KnnG-rf6uHgCaCo7bM9-6g.mp4
蕾哈娜穿露背长裙外出 造型犹如中国瓷娃,https://rbv01.ku6.com/jFHlHioYpH2XYtg1fr29eg.mp4.vframe/000001.jpg,https://rbv01.ku6.com/jFHlHioYpH2XYtg1fr29eg.mp4
港媒：谭咏麟陪17岁私生子赴牛津大学面试,https://rbv01.ku6.com/ku6_video_cover_vid_228578427.m580x360.jpg,https://rbv01.ku6.com/jOd7D8d3HqP4BaPmeoxdoQ.mp4
舒淇掀“玛丽莲-梦露”裙底 笑称不好意思,https://rbv01.ku6.com/ku6_video_cover_vid_226834899.m580x360.jpg,https://rbv01.ku6.com/l_6CSMSfTkGIFacFJ1sxlw.mp4
罗紫琳再曝海滩缠绵照 罗中旭歌狂决赛失控飙泪,https://rbv01.ku6.com/ku6_video_cover_vid_237596110.m580x360.jpg,https://rbv01.ku6.com/jNaygHAiMkhOnmaGAjqN2A.mp4
吴彦祖望今后多演喜剧片 分享与太太恩爱般配秘诀,https://rbv01.ku6.com/ksNOjXw-rUE4dNtDDBTE4A.mp4.vframe/000003.jpg,https://rbv01.ku6.com/ksNOjXw-rUE4dNtDDBTE4A.mp4
刘欢与众音乐人呼吁 不满著作权法修改草案,https://rbv01.ku6.com/IT2bGe3IEHDMTqsLXRJ9Kw.mp4.vframe/000002.jpg,https://rbv01.ku6.com/IT2bGe3IEHDMTqsLXRJ9Kw.mp4
曝蒋雯丽出轨 与小16岁男演员黄轩姐弟恋,https://rbv01.ku6.com/ku6_video_cover_vid_234263519.m580x360.jpg,https://rbv01.ku6.com/KnYvsmPFjDS8ErZpIm_2-g.mp4
张歆艺瓷娃娃复古写真 大玩浓郁贵妇风情,https://rbv01.ku6.com/ku6_video_cover_vid_222230944.m580x360.jpg,https://rbv01.ku6.com/jMkZlVZWQE1whOPLWt8nnw.mp4
选美冠军袁佳怡起底：400分进北大 砸钱上哈佛,https://rbv01.ku6.com/ku6_video_cover_vid_232061087.m580x360.jpg,https://rbv01.ku6.com/JJPrs2qYHrHK2GfLuHbGYA.mp4
曝台湾57岁知名作词人李坤城 恋上好友17岁女儿,https://rbv01.ku6.com/ku6_video_cover_vid_222861789.m580x360.jpg,https://rbv01.ku6.com/J-CbXnxIq3jStXk26QvUKQ.mp4
臧天朔假释出狱 现身李琦收徒仪式,https://rbv01.ku6.com/ku6_video_cover_vid_228821196.m580x360.jpg,https://rbv01.ku6.com/kyJTRIqz3RGNV62kT7IxEQ.mp4
黄馨可发片初露锋芒 坚持混好乐坛路,https://rbv01.ku6.com/kOOIGA3894cA_CV0KqRf-Q.mp4.vframe/000001.jpg,https://rbv01.ku6.com/kOOIGA3894cA_CV0KqRf-Q.mp4
王菲16岁清纯旧照曝光 清爽短发美女雏形略现,https://rbv01.ku6.com/ku6_video_cover_vid_232835120.m580x360.jpg,https://rbv01.ku6.com/jGHWfdKEhHRd6GlMIWDnZg.mp4
潘玮柏来沪宣传新专辑很介意媒体的无中生有,https://rbv01.ku6.com/JmybkE1UB8bvEJezt5TP7g.mp4.vframe/000008.jpg,https://rbv01.ku6.com/JmybkE1UB8bvEJezt5TP7g.mp4
林志颖疑似曝光iPhone5  称机身变长变薄,https://rbv01.ku6.com/krBW5sbY0E7i3NQbc-SuAA.mp4.vframe/000001.jpg,https://rbv01.ku6.com/krBW5sbY0E7i3NQbc-SuAA.mp4
刘嘉玲微博东方红引热议  感叹：我心中的太阳,https://rbv01.ku6.com/ku6_video_cover_vid_241634810.m580x360.jpg,https://rbv01.ku6.com/J6yni4oFHZ7ddkWUkxkb9Q.mp4
甄子丹50岁生日派对 吴君如扮演空姐色诱,https://rbv01.ku6.com/ku6_video_cover_vid_241218839.m580x360.jpg,https://rbv01.ku6.com/jfZYeMDTF7KBpQ3XRItnQQ.mp4
曝王大治与董洁同游三亚  双方回应,https://rbv01.ku6.com/ku6_video_cover_vid_217718226.m580x360.jpg,https://rbv01.ku6.com/L2kx6KK19vZI-9pCmqtyYg.mp4
胡歌被曝上海秘婚 宣传总监：玩游戏造成的乌龙,https://rbv01.ku6.com/ku6_video_cover_vid_238156181.m580x360.jpg,https://rbv01.ku6.com/JGn5S9u4gD8Dq01WVGBAbg.mp4
58岁米雪罕见幼年照曝光 卷发可爱,https://rbv01.ku6.com/ku6_video_cover_vid_235906711.m580x360.jpg,https://rbv01.ku6.com/-i_yb5IVkOznKUCoUMxtSA.mp4
吴建豪和富二代女友亲密私房照曝光,https://rbv01.ku6.com/ku6_video_cover_vid_226493642.m580x360.jpg,https://rbv01.ku6.com/IsYrcHoxMebkarVD5t625A.mp4
何润东回应“8点20发”：被盗号已报案,https://rbv01.ku6.com/ku6_video_cover_vid_218736525.m580x360.jpg,https://rbv01.ku6.com/kJfwOT6seJoehaI_AUcwqg.mp4
周韦彤最新黄裙照曝光 尽展迷人曲线.,https://rbv01.ku6.com/ku6_video_cover_vid_233504387.m580x360.jpg,https://rbv01.ku6.com/K1tTXBXwwtNX6drzNJVeGQ.mp4
孙红雷发福被取笑 黄奕烈焰红唇玩中性美,https://rbv01.ku6.com/Iq2CHpDFDPyoHftAdvAssw.mp4.vframe/000001.jpg,https://rbv01.ku6.com/Iq2CHpDFDPyoHftAdvAssw.mp4
陈妍希昔日恋情曝光 前男友贩毒被重判16年,https://rbv01.ku6.com/ku6_video_cover_vid_227410341.m580x360.jpg,https://rbv01.ku6.com/iehfRwW9NHsP0dUNil9UbA.mp4
张瑶蕾丝蓝裙大片 散发优雅高贵气质,https://rbv01.ku6.com/ku6_video_cover_vid_240273254.m580x360.jpg,https://rbv01.ku6.com/K5svR_e7J1pwnjDN-Cjs4Q.mp4
谢娜撒娇紧贴张杰 赴美仨月被疑学习造人两不误,https://rbv01.ku6.com/ku6_video_cover_vid_233210821.m580x360.jpg,https://rbv01.ku6.com/JQnkmtd3eiR3uFsSZReXGA.mp4
曝李咏身价涨十倍 黑脸回应：主持人没定价,https://rbv01.ku6.com/ku6_video_cover_vid_219680006.m580x360.jpg,https://rbv01.ku6.com/-k8hwu5sBwJGSEn82kD2kQ.mp4
十大明星遭恶搞笑死人TOP1杨幂头像变插座,https://rbv01.ku6.com/ku6_video_cover_vid_225016797.m580x360.jpg,https://rbv01.ku6.com/IqHb73udfhAH5VyjIXQOow.mp4
范冰冰登封面娇艳送香吻 李治廷满面唇印惹人爱,https://rbv01.ku6.com/ku6_video_cover_vid_228701610.m580x360.jpg,https://rbv01.ku6.com/ikptiSdi_ZYGpC9z5HhGmw.mp4
张木易与12岁嫩模MIKI公开恋爱 网友惊呼太逆,https://rbv01.ku6.com/iN9eG4kRRzdDFkiL3R9QOg.mp4.vframe/000001.jpg,https://rbv01.ku6.com/iN9eG4kRRzdDFkiL3R9QOg.mp4
曝37岁天心与杨一展各自劈腿 三年姐弟恋玩完,https://rbv01.ku6.com/ku6_video_cover_vid_240385090.m580x360.jpg,https://rbv01.ku6.com/kAVlpQXenWkW-YnD6cxZig.mp4
吴莫愁生日开心吃鸡腿搞怪许愿,https://rbv01.ku6.com/ku6_video_cover_vid_225509313.m580x360.jpg,https://rbv01.ku6.com/IOiVc2wUTo2f1ukFOHVyHA.mp4
周迅缺席金像奖 江一燕独自征战呼声高,https://rbv01.ku6.com/ku6_video_cover_vid_222408645.m580x360.jpg,https://rbv01.ku6.com/-IqhOHnyrusCR1Lv3t6lnw.mp4
郭富城忠粉不满被熊黛林取消关注 公开与熊黛林私信,https://rbv01.ku6.com/ku6_video_cover_vid_224903656.m580x360.jpg,https://rbv01.ku6.com/jxgFE_qQyPhfEomNJTdJzw.mp4
陈建斌蒋勤勤参加儿子毕业礼 爱子曝光,https://rbv01.ku6.com/ku6_video_cover_vid_238037466.m580x360.jpg,https://rbv01.ku6.com/jx08WnN_Z39iucSWzu4tPQ.mp4
赵薇晒大学毕业照引关注 黄晓明陈坤等青涩无比,https://rbv01.ku6.com/ku6_video_cover_vid_236535727.m580x360.jpg,https://rbv01.ku6.com/kIYKPIduDmC2-PulWf1rNg.mp4
最帅地摊哥走红 酷似泰星马里奥,https://rbv01.ku6.com/ku6_video_cover_vid_229900319.m580x360.jpg,https://rbv01.ku6.com/iI4VcPS0POQuosL4njBaGQ.mp4
何炅初恋女友曝光 因英雄救美展开恋情,https://rbv01.ku6.com/ku6_video_cover_vid_230716545.m580x360.jpg,https://rbv01.ku6.com/hYReKb7-V2xTN3VH-Y4hog.mp4
金像奖纪念环节乌龙 白静变脸姜宏波,https://rbv01.ku6.com/ku6_video_cover_vid_222700414.m580x360.jpg,https://rbv01.ku6.com/kgpvNmqH8WGm-OhBZebhGA.mp4
奶茶妹妹任青奥会志愿者代表 手捧吉祥物显清纯,https://rbv01.ku6.com/ku6_video_cover_vid_228079353.m580x360.jpg,https://rbv01.ku6.com/jSZPI8IOfq3SWUbI0tGJng.mp4
44岁萧蔷学生时期清纯照曝光 网友：整容前比较美,https://rbv01.ku6.com/ku6_video_cover_vid_132265565.jpg,https://rbv01.ku6.com/Jv5yqkobHWbFrfecmfrMkw.mp4
庾澄庆号召关怀救灾 期待好声音上与阿妹擦出火花,https://rbv01.ku6.com/ku6_video_cover_vid_224097706.m580x360.jpg,https://rbv01.ku6.com/kJc_VUCzQsXoGFUMn-iYVQ.mp4
朱时茂高富帅儿子曝光 要为爱子投资拍电影,https://rbv01.ku6.com/jqVpt4NlocABbH8IvGBEYw.mp4.vframe/000006.jpg,https://rbv01.ku6.com/jqVpt4NlocABbH8IvGBEYw.mp4
曝董洁王大治均未离婚,https://rbv01.ku6.com/ku6_video_cover_vid_218184120.m580x360.jpg,https://rbv01.ku6.com/kJ3hrJ15YWQhJ3yC5wdRNg.mp4
港媒曝黄宗泽胡杏儿分手真相：女方内地有新欢,https://rbv01.ku6.com/ku6_video_cover_vid_219399432.m580x360.jpg,https://rbv01.ku6.com/i_hO6B8iJdHPFyxKlhZMig.mp4
小甜甜布兰妮萝莉照曝光：穿日.本小学生泳装,https://rbv01.ku6.com/ku6_video_cover_vid_235925437.m580x360.jpg,https://rbv01.ku6.com/kf3wJN2ARe1eK7olmMiI6Q.mp4
庾澄庆潘玮柏等助阵跨年 分享新年梦想和工作计划,https://rbv01.ku6.com/kiSE3F1HweV_ZNUkyQwMQw.mp4.vframe/000007.jpg,https://rbv01.ku6.com/kiSE3F1HweV_ZNUkyQwMQw.mp4
姚晨工作室发律师函追究微博标价,https://rbv01.ku6.com/ku6_video_cover_vid_219408983.m580x360.jpg,https://rbv01.ku6.com/K8mwA54sfgMFwSQxwoQCLw.mp4
赵薇回应与陈坤闹掰：两年没见真没拿你做宣传,https://rbv01.ku6.com/ku6_video_cover_vid_229254154.m580x360.jpg,https://rbv01.ku6.com/i0H95L4TB2DIyCudg0Qeeg.mp4
李小冉自曝已怀孕 将与鄢颇年底奉子成婚,https://rbv01.ku6.com/ku6_video_cover_vid_240083435.m580x360.jpg,https://rbv01.ku6.com/IHnhQDoJRu3dP39iaCWuEw.mp4
张杰开唱为谢娜庆生 首次尝试跨界交响乐,https://rbv01.ku6.com/KFfG0LoAaXg65GR4UXoh3w.mp4.vframe/000001.jpg,https://rbv01.ku6.com/KFfG0LoAaXg65GR4UXoh3w.mp4
谁是美国人眼中的中国女神 章子怡获冠军,https://rbv01.ku6.com/ku6_video_cover_vid_230357113.m580x360.jpg,https://rbv01.ku6.com/iFm-ppijOHW4H49pqDFEjA.mp4
曝第2季好声音汪峰替刘欢 阿妹取代杨坤,https://rbv01.ku6.com/ku6_video_cover_vid_223943495.m580x360.jpg,https://rbv01.ku6.com/IoKy0O_ORmB177urRrL2Bw.mp4
房祖名女友薛凯琪被曝做整容手术 眼变大脸变长,https://rbv01.ku6.com/ku6_video_cover_vid_217659650.m580x360.jpg,https://rbv01.ku6.com/I3nDOnkX2lqAS3iVSrlrzQ.mp4
余文乐吴雨霏约会被拍恋情曝光 怒斥狗仔,https://rbv01.ku6.com/ku6_video_cover_vid_221369157.m580x360.jpg,https://rbv01.ku6.com/Jr9-Rc4VKDAAkkYwu-ou6g.mp4
Ella与老公床上玩“人体特技” 网友：吃饱太闲了,https://rbv01.ku6.com/ku6_video_cover_vid_237841130.m580x360.jpg,https://rbv01.ku6.com/hZtG6EDR5t5JvvxvMaliiQ.mp4
张艺谋禁止女员工恋爱 两女吃醋互殴,https://rbv01.ku6.com/ku6_video_cover_vid_226609301.m580x360.jpg,https://rbv01.ku6.com/jrFiA7Lvx9bgDSY4Al40zQ.mp4
三餐不定时 林俊杰惊传胃出血 助理24小时身边伺候,https://rbv01.ku6.com/i6B8k-UWKImX4-n4I2FPJg.mp4.vframe/000006.jpg,https://rbv01.ku6.com/i6B8k-UWKImX4-n4I2FPJg.mp4
撒贝宁热舞出意外,https://rbv01.ku6.com/ku6_video_cover_vid_231463944.m580x360.jpg,https://rbv01.ku6.com/glUgut5iU_X5BWRPU3FaXA.mp4
前经纪人曝黄家强曾险遭家驹逐出Beyond,https://rbv01.ku6.com/ku6_video_cover_vid_230051409.m580x360.jpg,https://rbv01.ku6.com/htPv4MR7FQoVj2vTUUCygg.mp4
杨丽萍收官作孔雀火爆上演如梦似幻惊叹,https://rbv01.ku6.com/ku6_video_cover_vid_131585913.jpg,https://rbv01.ku6.com/hEJ2UDw9gXugpuJ9NMD1hQ.mp4
芙蓉姐姐贺前男友生日 育一子遭小三,https://rbv01.ku6.com/ku6_video_cover_vid_217166192.m580x360.jpg,https://rbv01.ku6.com/H1jwTCOdm8vW9fFIcDc3iA.mp4
曝乐基儿将嫁老外教练 与黎明离婚不到半年,https://rbv01.ku6.com/HghIp5OEfr6wj2TrHB2Igg.mp4.vframe/000005.jpg,https://rbv01.ku6.com/HghIp5OEfr6wj2TrHB2Igg.mp4
新加坡双性恋男歌手赴泰隆胸 欲做非男非女歌王,https://rbv01.ku6.com/ku6_video_cover_vid_228354078.m580x360.jpg,https://rbv01.ku6.com/h677ZZGBfM4fhZI9cWgYsQ.mp4
冯绍峰搂倪妮亲密亮相 十指紧扣合体捞金,https://rbv01.ku6.com/ku6_video_cover_vid_233208158.m580x360.jpg,https://rbv01.ku6.com/HLS6uE6uXLYcEKoRy-hHSg.mp4
郑爽被曝整容 网友调侃：香肠嘴 还我清纯爽妹子,https://rbv01.ku6.com/ku6_video_cover_vid_219969819.m580x360.jpg,https://rbv01.ku6.com/GWJ8LS8ZYGFkh1kcSLhsJQ.mp4
富豪砸500万为儿办婚礼 明星云集婚车超6000万,https://rbv01.ku6.com/ku6_video_cover_vid_220758356.m580x360.jpg,https://rbv01.ku6.com/HSb7nDPWmbflTbMkx7NfQg.mp4
人大“女神”登主页走红 海量私房照曝光,https://rbv01.ku6.com/ku6_video_cover_vid_234487652.m580x360.jpg,https://rbv01.ku6.com/HvQN72wKKoFUo20SavbZTg.mp4
李冰冰登杂志创刊号 演绎经典致敬传奇,https://rbv01.ku6.com/ku6_video_cover_vid_218949815.m580x360.jpg,https://rbv01.ku6.com/heOPYtRvaWizPJ-pHwLWyw.mp4
黄浩然再添一子 晒一家四口温馨合影,https://rbv01.ku6.com/ku6_video_cover_vid_222740390.m580x360.jpg,https://rbv01.ku6.com/HB7aV05zl6gd7awwPO_bwA.mp4
曝乐基儿答应男友求婚 将嫁老外教练,https://rbv01.ku6.com/ku6_video_cover_vid_221214728.m580x360.jpg,https://rbv01.ku6.com/htqmMGQELccB8QfPnPb2gQ.mp4
十大明星反串之TOP6邓超妖娆搞怪反串,https://rbv01.ku6.com/ku6_video_cover_vid_223407557.m580x360.jpg,https://rbv01.ku6.com/HWVk-3MnlAWy9RhkQ0tkyw.mp4
乐嘉屡向鲁豫表白：你是我的梦中情人,https://rbv01.ku6.com/ku6_video_cover_vid_242158513.m580x360.jpg,https://rbv01.ku6.com/Hc6865DCvdQSEsn82tX0Aw.mp4
撒贝宁被传出走 当事人否认：不会离开,https://rbv01.ku6.com/ku6_video_cover_vid_218892573.m580x360.jpg,https://rbv01.ku6.com/HmYDyhM9yrlzKo_zhiRY4Q.mp4
刘德华被曝拍广告霸道 不让红裙女主角出镜,https://rbv01.ku6.com/H8XegqbE0XKi8TFR0emMmA.mp4.vframe/000005.jpg,https://rbv01.ku6.com/H8XegqbE0XKi8TFR0emMmA.mp4
谭咏麟大马演出疑涉政治 张韶涵被软禁,https://rbv01.ku6.com/ku6_video_cover_vid_223970762.m580x360.jpg,https://rbv01.ku6.com/h-HL105G-uuWvFr5hdJnXw.mp4
马里奥现场搞怪卖萌 盼与章子怡上演姐弟恋,https://rbv01.ku6.com/hbkF5iS6mkr9A92Qtc1-1A.mp4.vframe/000005.jpg,https://rbv01.ku6.com/hbkF5iS6mkr9A92Qtc1-1A.mp4
综艺天王神话破灭 吴宗宪节目全停,https://rbv01.ku6.com/ku6_video_cover_vid_227214435.m580x360.jpg,https://rbv01.ku6.com/hUDM4BGriwcPZw8X0YyHPw.mp4
韩红微博再发飙拒唱赈灾歌曲：我就不唱 抵制到底,https://rbv01.ku6.com/ku6_video_cover_vid_224582597.m580x360.jpg,https://rbv01.ku6.com/hklwuhvbLOa4ughe-u7pow.mp4
广西电视台庆六一 师生同台跳肚皮舞,https://rbv01.ku6.com/-hLGlMD7mepYHK81Nb519Q.mp4.vframe/000001.jpg,https://rbv01.ku6.com/-hLGlMD7mepYHK81Nb519Q.mp4
周杰伦被曝背女友劈腿 搭22岁中俄混血美女,https://rbv01.ku6.com/ku6_video_cover_vid_224318321.m580x360.jpg,https://rbv01.ku6.com/HjSGVvJmFbuho0b_CxOHGQ.mp4
范冰冰复古镂空透视装 古典气质动人心魄,https://rbv01.ku6.com/gQ_HCZO-t_WKq21DjJ4RCg.mp4.vframe/000005.jpg,https://rbv01.ku6.com/gQ_HCZO-t_WKq21DjJ4RCg.mp4
孙杨微博晒与恩师合影阳光总在风雨后,https://rbv01.ku6.com/ku6_video_cover_vid_216370016.m580x360.jpg,https://rbv01.ku6.com/hh6ypswuaJqeT06HqmejLA.mp4
日本50岁魔女冠军山田佳子曝不老秘籍,https://rbv01.ku6.com/ku6_video_cover_vid_223999445.m580x360.jpg,https://rbv01.ku6.com/hQKeZ1nU1egK1VnGeFi17Q.mp4
成龙回应捐古建筑：不做对不起民族的事,https://rbv01.ku6.com/ku6_video_cover_vid_222103051.m580x360.jpg,https://rbv01.ku6.com/h7RYsi49jtcftBelznfhMQ.mp4
林志玲苦戴镣铐满脸血   穿白旗袍变“王牌江姐”,https://rbv01.ku6.com/ku6_video_cover_vid_217168042.m580x360.jpg,https://rbv01.ku6.com/H1A-x0OyDU6xwJgR03jYoA.mp4
杨幂照片被PS过度 网友吐槽：这双腿能站起来？,https://rbv01.ku6.com/ku6_video_cover_vid_223878637.m580x360.jpg,https://rbv01.ku6.com/hbgowonwq8OspezTKQwaZQ.mp4
港媒揭霍汶希私生女父亲：50岁广州富商 身价数亿,https://rbv01.ku6.com/Gzdj-9Z050ajE8y-hks24A.mp4.vframe/000001.jpg,https://rbv01.ku6.com/Gzdj-9Z050ajE8y-hks24A.mp4
李颖芝身穿露背龙袍亮相车展 戴防毒面具赚足眼球,https://rbv01.ku6.com/ku6_video_cover_vid_223886576.m580x360.jpg,https://rbv01.ku6.com/Gra8CjzsMD5xuR6QqLyk_A.mp4
阮经天代言吸金调侃汪东城 暂无结婚计划,https://rbv01.ku6.com/ku6_video_cover_vid_237942718.m580x360.jpg,https://rbv01.ku6.com/GR5CvD5Bv5s3288sx6xuKQ.mp4
魏骏杰怒斥记者不实报道 拍戏深陷瓶颈转做生意,https://rbv01.ku6.com/HQJQBi3gpfu9__wneUasEA.mp4.vframe/000001.jpg,https://rbv01.ku6.com/HQJQBi3gpfu9__wneUasEA.mp4
台湾女星宋纪妍520登记结婚 微博高调秀钻戒,https://rbv01.ku6.com/ku6_video_cover_vid_228135324.m580x360.jpg,https://rbv01.ku6.com/hUoI4xehIvAs5NOki4iWJw.mp4
霍启刚默认郭晶晶怀男  8月将产子,https://rbv01.ku6.com/ku6_video_cover_vid_233836684.m580x360.jpg,https://rbv01.ku6.com/h4s5A0nrXF_tWxMr2XfQHQ.mp4
好友爆料艾薇儿法国南部低调完婚 传是奉子成婚,https://rbv01.ku6.com/ku6_video_cover_vid_235427117.m580x360.jpg,https://rbv01.ku6.com/gUXI6n3GshboiVvPRdqCUw.mp4
陈楚河新戏狠心剪短发恋爱中享受“欺负”另一半,https://rbv01.ku6.com/HSRu1blM-phcyU5VE_a1Sw.mp4.vframe/000001.jpg,https://rbv01.ku6.com/HSRu1blM-phcyU5VE_a1Sw.mp4
小S老公承认参加海天盛宴：望明年微博朋友一起来,https://rbv01.ku6.com/ku6_video_cover_vid_221325318.m580x360.jpg,https://rbv01.ku6.com/HpqkXJ68_cYW_ouIzXXB7Q.mp4
郭美美晒51亿存款 网友曝余额短信造假,https://rbv01.ku6.com/ku6_video_cover_vid_230053938.m580x360.jpg,https://rbv01.ku6.com/GZPsCH3KCaAUmmpsLtDscA.mp4
窦骁自曝渴望爱情 周冬雨哭到全身浮肿,https://rbv01.ku6.com/hxHDIfKUh0sjvpghgkreFg.mp4.vframe/000001.jpg,https://rbv01.ku6.com/hxHDIfKUh0sjvpghgkreFg.mp4
盘点微博上的娱乐圈不老女神们,https://rbv01.ku6.com/ku6_video_cover_vid_237126614.m580x360.jpg,https://rbv01.ku6.com/ECTYokgnLVeypPTsF0Cvsw.mp4
郭美美童年照曝光 网友呛：整容动刀工程不小,https://rbv01.ku6.com/ku6_video_cover_vid_233052118.m580x360.jpg,https://rbv01.ku6.com/f-hhyFh9h6K_gcwsveogrQ.mp4
刘德华是理发师金城武当跟班 明星成名前职业曝光,https://rbv01.ku6.com/FUVYajTJg-3ElAdEGEWw7Q.mp4.vframe/000001.jpg,https://rbv01.ku6.com/FUVYajTJg-3ElAdEGEWw7Q.mp4
刘晓庆公开不老秘诀 称一直恋爱老少通吃,https://rbv01.ku6.com/ku6_video_cover_vid_132106969.jpg,https://rbv01.ku6.com/g6KJf2SC5uFjWflqr_fWrQ.mp4
成龙收藏徽派古建有望落户北京市大兴区,https://rbv01.ku6.com/ku6_video_cover_vid_226573421.m580x360.jpg,https://rbv01.ku6.com/f-FTagrlGH3WX_eNMfcnnQ.mp4
徐铮休闲装会见泰国总理被批缺乏礼仪,https://rbv01.ku6.com/ku6_video_cover_vid_219230296.m580x360.jpg,https://rbv01.ku6.com/gjflQpfVpm1fvUExCSPeLQ.mp4
左立微博回应女友出轨：我爱她我会一直保护她,https://rbv01.ku6.com/ku6_video_cover_vid_239144325.m580x360.jpg,https://rbv01.ku6.com/ggb2g3hAKEZ_4xhKgL_MTw.mp4
潘玮柏来沪宣传新专辑 很介意媒体的无中生有,https://rbv01.ku6.com/FIitQkDuzYd12-85jwsZLg.mp4.vframe/000001.jpg,https://rbv01.ku6.com/FIitQkDuzYd12-85jwsZLg.mp4
江一燕黑白映画大片复古风情,https://rbv01.ku6.com/EXxZYhGY_wBMD2FdFJuUbQ.mp4.vframe/000008.jpg,https://rbv01.ku6.com/EXxZYhGY_wBMD2FdFJuUbQ.mp4
乔乔拍摄大片姣好身材,https://rbv01.ku6.com/ku6_video_cover_vid_230690835.m580x360.jpg,https://rbv01.ku6.com/eFaaOXGhWJ5JZVgVtv0UIg.mp4
郭美美嘟嘴晒自拍照 自称是公主,https://rbv01.ku6.com/ku6_video_cover_vid_240553470.m580x360.jpg,https://rbv01.ku6.com/F2p6ykXgLIB86wMt2FWjEA.mp4
赵本山密会冯小刚 ：我肯定拿出好作品,https://rbv01.ku6.com/ku6_video_cover_vid_237891715.m580x360.jpg,https://rbv01.ku6.com/ffB4ouUflV7MCDrRLHEV0A.mp4
佘诗曼感情空白当丑女 赵本山透露春晚进度,https://rbv01.ku6.com/FO1EgYEjD_ufWSVk57BiHg.mp4.vframe/000002.jpg,https://rbv01.ku6.com/FO1EgYEjD_ufWSVk57BiHg.mp4
星跳跃刘雨欣周韦彤秀身材 观众看迷失.足落水,https://rbv01.ku6.com/ku6_video_cover_vid_220484749.m580x360.jpg,https://rbv01.ku6.com/Gk_6zvnnlvhe4eShm4x0Sg.mp4
港媒揭Beyond分裂内幕：黄贯中与黄家强因朱茵反目,https://rbv01.ku6.com/ku6_video_cover_vid_229571221.m580x360.jpg,https://rbv01.ku6.com/ES54HWENNYZZ1OuH6-Px5A.mp4
吉克隽逸与富二代男友刘石坚深夜同返公寓,https://rbv01.ku6.com/ku6_video_cover_vid_233041873.m580x360.jpg,https://rbv01.ku6.com/ELgbzGikaG-g_N1QkRf-NA.mp4
陈冠希遭老板追债2000万 传林建岳已发最后通牒,https://rbv01.ku6.com/ku6_video_cover_vid_241518794.m580x360.jpg,https://rbv01.ku6.com/gjtnnQfFNNZdNHjCfaJbMA.mp4
日本女疯狂整容30多次 换脸隆胸变瓷娃娃,https://rbv01.ku6.com/ku6_video_cover_vid_242169671.m580x360.jpg,https://rbv01.ku6.com/fjnhpLrHaP3WlTL2oLbavw.mp4
女星豪放露大腿贴任拍照 吓呆在场媒体,https://rbv01.ku6.com/ku6_video_cover_vid_236304307.m580x360.jpg,https://rbv01.ku6.com/FowlFa4qEwOYxWWbpEQBMg.mp4
张柏芝最新代言大片曝光,https://rbv01.ku6.com/ku6_video_cover_vid_240602927.m580x360.jpg,https://rbv01.ku6.com/DZF4u6MhmC2By0kHIaLmfg.mp4
刘璇录节目红裙显娇小 与男伴贴身热舞走光,https://rbv01.ku6.com/ku6_video_cover_vid_235528043.m580x360.jpg,https://rbv01.ku6.com/gkagW7HB_LIDkLUxoXjIdg.mp4
柳岩手写“追女攻略”引热议 男追女十件事显真挚,https://rbv01.ku6.com/ku6_video_cover_vid_226518553.m580x360.jpg,https://rbv01.ku6.com/esJv5ms_ftR0EntqQQeXLA.mp4
谢娜庆33岁生日 张杰送玫瑰示爱,https://rbv01.ku6.com/ku6_video_cover_vid_226011389.m580x360.jpg,https://rbv01.ku6.com/FEnzaUiQvQrpJ3SVqw-8iQ.mp4
主持人高博漂亮博士老婆曝光 网友：仙女,https://rbv01.ku6.com/ku6_video_cover_vid_219648472.m580x360.jpg,https://rbv01.ku6.com/Gd8PzVVJ7GgrdBbtUsGvHg.mp4
宋丹丹晒年轻旧照 桃眼杏腮被赞美女,https://rbv01.ku6.com/ku6_video_cover_vid_231696111.m580x360.jpg,https://rbv01.ku6.com/GLpY81Fmek3zkfIFno3gWw.mp4
高晓松就“侮辱蒙古人”言论公开道歉,https://rbv01.ku6.com/ku6_video_cover_vid_223999536.m580x360.jpg,https://rbv01.ku6.com/EcSeZ80UTmF5f2f2RbcB0g.mp4
曝杜江疑似晒结婚证号 或已与霍思燕领证,https://rbv01.ku6.com/ku6_video_cover_vid_236944424.m580x360.jpg,https://rbv01.ku6.com/GDtSB6AOvA40RCmYSA9qQw.mp4
好声音学员姚贝娜生活照曝光 曾做乳癌手术,https://rbv01.ku6.com/ku6_video_cover_vid_238302463.m580x360.jpg,https://rbv01.ku6.com/e5n1Dx8L6eroPPu-SiwK9A.mp4
孙俪时尚大片显狂野 网友：不敢直视,https://rbv01.ku6.com/ku6_video_cover_vid_228824610.m580x360.jpg,https://rbv01.ku6.com/FIke0dmf94OcuyjNjzMHYw.mp4
赵薇何炅撞脸合影 被侃兄妹相遇,https://rbv01.ku6.com/ku6_video_cover_vid_229470123.m580x360.jpg,https://rbv01.ku6.com/ekncpYchebBgdaaL4L1jnA.mp4
曝郭富城分手因经纪人暗恋而从中作梗,https://rbv01.ku6.com/ku6_video_cover_vid_226412036.m580x360.jpg,https://rbv01.ku6.com/FRuve01BlnLiTj7wdDkxpQ.mp4
林志玲拒绝与吴佩慈同台 放弃与鸟叔合作悄然离场,https://rbv01.ku6.com/ku6_video_cover_vid_233973133.m580x360.jpg,https://rbv01.ku6.com/eNWXfumZ7r7y9i3eb-7pug.mp4
邹涵虹飘逸蓝色长裙,https://rbv01.ku6.com/ku6_video_cover_vid_233253133.m580x360.jpg,https://rbv01.ku6.com/eQiT1AhJQc7g8vugYECebg.mp4
马如龙儿子大婚众星云集 赵又廷自曝婚事将近,https://rbv01.ku6.com/ku6_video_cover_vid_231752858.m580x360.jpg,https://rbv01.ku6.com/f2B8s_f366WnJimEtTheyQ.mp4
陈乔恩封面大片疯癫演绎“猫”样年华,https://rbv01.ku6.com/ku6_video_cover_vid_232739484.m580x360.jpg,https://rbv01.ku6.com/Gipm1_QaG5iT-JL-lRXQIQ.mp4
王菲晒6岁李嫣曝光 乖巧作画背影照引热议,https://rbv01.ku6.com/ku6_video_cover_vid_221204499.m580x360.jpg,https://rbv01.ku6.com/fKU60CtjncAA8KrtxkXEdg.mp4
张雨绮获赞“戛纳红毯最美华人女星”,https://rbv01.ku6.com/ku6_video_cover_vid_228295489.m580x360.jpg,https://rbv01.ku6.com/fSIuOMU4cPe2Fnjuio0l-Q.mp4
王菲为赵薇新片录歌 素颜照被赞很青春,https://rbv01.ku6.com/ku6_video_cover_vid_220294133.m580x360.jpg,https://rbv01.ku6.com/eD-3ma_acDgy6x-qIPpGuw.mp4
王力宏郎朗合影旧照被调侃：钢琴家屠夫,https://rbv01.ku6.com/ku6_video_cover_vid_217526493.m580x360.jpg,https://rbv01.ku6.com/ePJwq7L4Bu-lESYp12Rt_A.mp4
关颖与老公领证升人妻 戴新娘头纱甜蜜爆棚,https://rbv01.ku6.com/ku6_video_cover_vid_225386513.m580x360.jpg,https://rbv01.ku6.com/FGHS2OzoEBNgF85Qt-ejfA.mp4
女模特称遭乐嘉无礼耍弄 要求其向60岁母亲道歉,https://rbv01.ku6.com/ku6_video_cover_vid_240507042.m580x360.jpg,https://rbv01.ku6.com/DUN5dRRzGeqPaT4r8-KgdA.mp4
孔令辉发声明承认与马苏分手：对她关心不够,https://rbv01.ku6.com/ku6_video_cover_vid_241190344.m580x360.jpg,https://rbv01.ku6.com/CroWeqJBD3d9jxw1JNTUkg.mp4
范冰冰戴古董眼镜 与邻座高层热聊不停,https://rbv01.ku6.com/ku6_video_cover_vid_219634741.m580x360.jpg,https://rbv01.ku6.com/dhjwkG8UUStq0ihOS-5gbw.mp4
曝邓文迪欲下狠手 聘知名律师追讨分手费,https://rbv01.ku6.com/ku6_video_cover_vid_241928760.m580x360.jpg,https://rbv01.ku6.com/DGYQ4qgs0jzs_JnzNCpCoQ.mp4
张娜拉身陷三角恋 谈何润东娇羞俏皮,https://rbv01.ku6.com/CyUhCwo1ofnPBPo7y34LdA.mp4.vframe/000005.jpg,https://rbv01.ku6.com/CyUhCwo1ofnPBPo7y34LdA.mp4
林志玲放言内衣广告点击若破2千万 将送粉丝珍藏内衣,https://rbv01.ku6.com/ku6_video_cover_vid_238483553.m580x360.jpg,https://rbv01.ku6.com/CVNrAonSZuu1Sb2ypQvnkA.mp4
芙蓉姐姐再度瘦身 变身知性白富美 被称“励志女神”,https://rbv01.ku6.com/ku6_video_cover_vid_240007196.m580x360.jpg,https://rbv01.ku6.com/dJyN571SacltJghhgd1uUw.mp4
周秀娜公开示爱罗志祥：很难不喜欢他,https://rbv01.ku6.com/ku6_video_cover_vid_216288570.m580x360.jpg,https://rbv01.ku6.com/CjjxJMT9Aa-XlmZF5lI7Jg.mp4
巩新亮献吻阿钢铁侠 秀胸器众女星“争峰”,https://rbv01.ku6.com/ku6_video_cover_vid_221667274.m580x360.jpg,https://rbv01.ku6.com/dUbrXlJetzTAE_aWOLo6Vg.mp4
怀旧校服萌妹再曝清纯照,https://rbv01.ku6.com/ku6_video_cover_vid_229315769.m580x360.jpg,https://rbv01.ku6.com/DLnqCpyhiZtiwdfWpBTtGg.mp4
环球小姐厦门三甲出炉 网友：潮流就是“选丑”？,https://rbv01.ku6.com/DIRlJB0LbkQddFm2TtRt-g.mp4.vframe/000001.jpg,https://rbv01.ku6.com/DIRlJB0LbkQddFm2TtRt-g.mp4
李嘉欣老公超速被罚 与交警合照引不满,https://rbv01.ku6.com/dz9SUk8sTAaGX1Eh7mAMew.mp4.vframe/000001.jpg,https://rbv01.ku6.com/dz9SUk8sTAaGX1Eh7mAMew.mp4
潘婕影业献身不惧闲言 再出新作欲进军导演界,https://rbv01.ku6.com/CMNE5u_YEseFlWXmBDze0w.mp4.vframe/000002.jpg,https://rbv01.ku6.com/CMNE5u_YEseFlWXmBDze0w.mp4
罗志祥 杨丞琳冰释前嫌再牵手 倾情打造浪漫之旅,https://rbv01.ku6.com/CZucKbXT0bPwpYcesIgxGg.mp4.vframe/000001.jpg,https://rbv01.ku6.com/CZucKbXT0bPwpYcesIgxGg.mp4
内地富二代男歌手陈庆聪大婚 百辆豪车迎娶新娘,https://rbv01.ku6.com/ku6_video_cover_vid_228251311.m580x360.jpg,https://rbv01.ku6.com/DExlq53zg-ZKy6EhjIMI2Q.mp4
张国荣最后电话曝光 让经纪人赴自杀现场,https://rbv01.ku6.com/ku6_video_cover_vid_219684155.m580x360.jpg,https://rbv01.ku6.com/D5HQgd-aagVTl7UfiZAdUQ.mp4
李圣杰未婚生子拒婚姻 女方当街哭晕瘫坐倒地,https://rbv01.ku6.com/ku6_video_cover_vid_240792469.m580x360.jpg,https://rbv01.ku6.com/DsBWTDqI017XMryXIh9IpA.mp4
郑伊健谈及婚礼三缄其口 高凌风直呼不再相信爱情,https://rbv01.ku6.com/DddL9WOCZ7oWNC9MFkC8FQ.mp4.vframe/000006.jpg,https://rbv01.ku6.com/DddL9WOCZ7oWNC9MFkC8FQ.mp4
许慧欣不堪忍受粉丝骚扰 微博晒图吐槽,https://rbv01.ku6.com/-Dt8vyHoisu-e2Gv9jl8TQ.mp4.vframe/000005.jpg,https://rbv01.ku6.com/-Dt8vyHoisu-e2Gv9jl8TQ.mp4
兔耳朵成神器 盘点明星们风情万种的兔女郎造型,https://rbv01.ku6.com/ku6_video_cover_vid_241979498.m580x360.jpg,https://rbv01.ku6.com/dx34EaZzg2C0_81jAHMlvA.mp4
朴施厚被曝遭原经纪公司老板设计陷害,https://rbv01.ku6.com/ku6_video_cover_vid_216666198.m580x360.jpg,https://rbv01.ku6.com/ctnx7QYawNFhyhY1q82tpg.mp4
谢霆锋搭档刘青云压力大 与张柏芝没有复合之意,https://rbv01.ku6.com/dD4hjWzb3D_NUWghOdkeLw.mp4.vframe/000001.jpg,https://rbv01.ku6.com/dD4hjWzb3D_NUWghOdkeLw.mp4
林丹谢杏芳今日北京大婚 赁费超60万 来客上千,https://rbv01.ku6.com/cp4YI0OhnsNzDXMpbO2azA.mp4.vframe/000001.jpg,https://rbv01.ku6.com/cp4YI0OhnsNzDXMpbO2azA.mp4
张艺谋被曝超生续 四个孩子要被罚1.6亿,https://rbv01.ku6.com/ku6_video_cover_vid_226266162.m580x360.jpg,https://rbv01.ku6.com/cPP-SwGqZp7BLCiaCkmp8g.mp4
韩国女主播夏娃爆红 宁财神公开求种子,https://rbv01.ku6.com/ku6_video_cover_vid_225880117.m580x360.jpg,https://rbv01.ku6.com/CT3Lyi-BJLQ_gKdMDkQICw.mp4
麦当娜网晒镶有24颗钻石金牙 被批炫富引争议,https://rbv01.ku6.com/ku6_video_cover_vid_241398045.m580x360.jpg,https://rbv01.ku6.com/-dmvHAYfvGc8FeU0pUA9vw.mp4
曝舒淇冯德伦恋情生变 女方发微博暗示已分手,https://rbv01.ku6.com/D-2Fmd03YqEfqRBui2F7ag.mp4.vframe/000006.jpg,https://rbv01.ku6.com/D-2Fmd03YqEfqRBui2F7ag.mp4
SHINee成员钟铉突发车祸恐鼻梁骨折,https://rbv01.ku6.com/ku6_video_cover_vid_220922726.m580x360.jpg,https://rbv01.ku6.com/d2geFQkQnfoWXXQrgvCqMg.mp4
港姐选美面试 候选佳丽被吐槽惨不忍睹,https://rbv01.ku6.com/ku6_video_cover_vid_231760641.m580x360.jpg,https://rbv01.ku6.com/DjmWoZ9wECgtW97E0pGc2g.mp4
江一燕与陈冲一见如故 羡慕金陵十三钗都很美,https://rbv01.ku6.com/Dt7Ag0WVs40U0Us-kW1img.mp4.vframe/000001.jpg,https://rbv01.ku6.com/Dt7Ag0WVs40U0Us-kW1img.mp4
黄圣依戛纳海边尽显风情 红发白衣浪漫俏皮,https://rbv01.ku6.com/ku6_video_cover_vid_227887336.m580x360.jpg,https://rbv01.ku6.com/CVHJdPbFvinBCd4BwumV1Q.mp4
陈好生二胎后首度携女现身 不惧贪腐传闻心情好,https://rbv01.ku6.com/ku6_video_cover_vid_230360704.m580x360.jpg,https://rbv01.ku6.com/ClYZ1RhC75LAbrnXZCOQRA.mp4
张艺谋被曝再婚 妻子携两子回张宅被拍,https://rbv01.ku6.com/ku6_video_cover_vid_226020304.m580x360.jpg,https://rbv01.ku6.com/Dx5Eo0o6QzHgF-h_r9Dakw.mp4
章子怡蕾丝华服贵气来袭 眼神迷离诱惑展淡然自信,https://rbv01.ku6.com/ku6_video_cover_vid_232851545.m580x360.jpg,https://rbv01.ku6.com/cKrk8eOZypFi3Pbl47NpxA.mp4
奶茶妹妹主持音乐会 清纯迷倒宅男,https://rbv01.ku6.com/ku6_video_cover_vid_222789060.m580x360.jpg,https://rbv01.ku6.com/DM2T4aMYkiykDm6Tr-ML2g.mp4
美国17岁少年网上炫富 美金当被盖昂贵香槟洗手,https://rbv01.ku6.com/ku6_video_cover_vid_237768950.m580x360.jpg,https://rbv01.ku6.com/coAsjdgiVh-EkmlGy5a0RA.mp4
网曝钱枫是孙俪初恋 两人是多年文工团战友,https://rbv01.ku6.com/ku6_video_cover_vid_228226488.m580x360.jpg,https://rbv01.ku6.com/Dxzt2iAmXFTIMKoGsJ0kBg.mp4
曝王大治结婚1个月后闪离 董洁潘粤明仍是夫妻,https://rbv01.ku6.com/ku6_video_cover_vid_217709993.m580x360.jpg,https://rbv01.ku6.com/Dgzc2EGdO0cAxV7uJNjEnA.mp4
315时尚圈也打假 扒下明星的山寨礼服,https://rbv01.ku6.com/ku6_video_cover_vid_218348394.m580x360.jpg,https://rbv01.ku6.com/cPLyLasTGeXCHIykPkMb5Q.mp4
熊黛林赌场大亨被撞破 苟芸慧与郭母为邻,https://rbv01.ku6.com/ku6_video_cover_vid_223993458.m580x360.jpg,https://rbv01.ku6.com/DtU0FgTCyI1KRS9i31Gfxw.mp4
陈乔恩霍建华复合佐证疯传 粉丝铁证两人复合,https://rbv01.ku6.com/ku6_video_cover_vid_216339563.m580x360.jpg,https://rbv01.ku6.com/bigvdqcpgCVz-uxIkDeA8Q.mp4
大小S与刘德华珍贵合影曝光 网友：媛媛好可爱,https://rbv01.ku6.com/ku6_video_cover_vid_226327904.m580x360.jpg,https://rbv01.ku6.com/bbJ3xbZl3S7Ksbx9SF3lwg.mp4
林志炫公开否认与沈梦辰相恋 透露已有女友,https://rbv01.ku6.com/ku6_video_cover_vid_217352077.m580x360.jpg,https://rbv01.ku6.com/bu0rVUbf7mDUBkBn7Pw8OA.mp4
张惠妹与舞男玩限制级调情 击鼓造型狂野,https://rbv01.ku6.com/ku6_video_cover_vid_220771419.m580x360.jpg,https://rbv01.ku6.com/cd4bseWVYz79ELDrFOy-EQ.mp4
杨幂登封面 展甜美呛辣本色,https://rbv01.ku6.com/ku6_video_cover_vid_230673539.m580x360.jpg,https://rbv01.ku6.com/BZ0ZALgH3HxUTIxUmYWouw.mp4
成龙获纽约亚洲电影节终身成就奖 兴奋比双V,https://rbv01.ku6.com/ku6_video_cover_vid_231933467.m580x360.jpg,https://rbv01.ku6.com/-BSJdgCTWCvwCnAU7lj5zA.mp4
网曝余秋雨妻子疑起诉离婚 四年前曾发声明斥责,https://rbv01.ku6.com/ku6_video_cover_vid_224228886.m580x360.jpg,https://rbv01.ku6.com/bl8ICeMYK_mnta707_fANQ.mp4
张美妮曾志伟亲密照流出 二人深夜同返酒店被拍,https://rbv01.ku6.com/ku6_video_cover_vid_218900319.m580x360.jpg,https://rbv01.ku6.com/ayo4ZZ_V-6jG5IqCqVm40Q.mp4
古巨基谈婚事打太极 胡彦斌则征友无进展,https://rbv01.ku6.com/C7GaiHsS1PWpYu-x6lYQsA.mp4.vframe/000006.jpg,https://rbv01.ku6.com/C7GaiHsS1PWpYu-x6lYQsA.mp4
冯小刚获奖痛哭哽咽 直言对得起自己,https://rbv01.ku6.com/ku6_video_cover_vid_222624800.m580x360.jpg,https://rbv01.ku6.com/bSmJHERxnIFhu2efvqN6yw.mp4
刘晓庆自曝露肩美照 网友：妈妈的年纪姐姐的脸,https://rbv01.ku6.com/ku6_video_cover_vid_229712720.m580x360.jpg,https://rbv01.ku6.com/c5AqecegwT0rklKYem6Fnw.mp4
TVB女星刘俐发声明否认陪睡富商 称与其不熟,https://rbv01.ku6.com/ku6_video_cover_vid_231196948.m580x360.jpg,https://rbv01.ku6.com/c89djHjBOxBYlC2dz46iyw.mp4
刘亦菲代言网游宣传照曝光 犹如仙女下凡,https://rbv01.ku6.com/ku6_video_cover_vid_221589249.m580x360.jpg,https://rbv01.ku6.com/carXNJsmyEGSaCR1m8WgPw.mp4
57岁李坤城“爷孙恋”毁形象 搞丢主持工作,https://rbv01.ku6.com/ku6_video_cover_vid_231919667.m580x360.jpg,https://rbv01.ku6.com/buERKfn_Kyufs2G4wNQJbw.mp4
张雨绮入选外媒戛纳开幕红毯最佳造型,https://rbv01.ku6.com/ku6_video_cover_vid_227717852.m580x360.jpg,https://rbv01.ku6.com/azDY1VUicprLTDM9TP8oag.mp4
孟庭苇曝被节目设陷淘汰 微博怒斥：一场骗局,https://rbv01.ku6.com/ku6_video_cover_vid_235315169.m580x360.jpg,https://rbv01.ku6.com/cDh-I-UgG3oG5qwsHySuNw.mp4
林志颖补办婚礼 曝甜蜜婚照爱妻首出镜,https://rbv01.ku6.com/ku6_video_cover_vid_241724278.m580x360.jpg,https://rbv01.ku6.com/cB3CboPaP-zAIe9pntmj5Q.mp4
刘嘉玲首澄清微博下载事件 称舒淇仍是自己最好朋友,https://rbv01.ku6.com/cfvMuCNuo6gZDhT0E4619w.mp4.vframe/000001.jpg,https://rbv01.ku6.com/cfvMuCNuo6gZDhT0E4619w.mp4
郭美美爆粗口回应余额51亿：5亿我都没有,https://rbv01.ku6.com/ku6_video_cover_vid_230128463.m580x360.jpg,https://rbv01.ku6.com/CErm-3-lKg5AURsH4iJKYA.mp4
李静调侃与杨澜交恶 谁让她比我高瘦,https://rbv01.ku6.com/ku6_video_cover_vid_220945780.m580x360.jpg,https://rbv01.ku6.com/BG116fgA9dweuYXJUlq7Sw.mp4
张雨绮戛纳归来与老公王全安戏水,https://rbv01.ku6.com/ku6_video_cover_vid_230556816.m580x360.jpg,https://rbv01.ku6.com/CdU3VJQQvsYPEk_UYHJGCw.mp4
荧屏白发魔女盘点 林青霞最媚蒋勤勤最咆哮,https://rbv01.ku6.com/BdzN16lGLr2cRc2nwSiGcw.mp4.vframe/000001.jpg,https://rbv01.ku6.com/BdzN16lGLr2cRc2nwSiGcw.mp4
沈泰被曝宁被拘留也不道歉：大不了退出娱乐圈,https://rbv01.ku6.com/ku6_video_cover_vid_220140814.m580x360.jpg,https://rbv01.ku6.com/bXIEi2SSJ3qHfg482FEm4g.mp4
新任女神郭碧婷整容照曝光疑被小四潜规则,https://rbv01.ku6.com/ku6_video_cover_vid_234151187.m580x360.jpg,https://rbv01.ku6.com/bkLTozlpRf86ds5ywCsLZg.mp4
刘恺威新片遭白冰“掌掴” 与其大谈“ 人妖恋”,https://rbv01.ku6.com/AXTSKaaJVxTD6PZfMB55FA.mp4.vframe/000001.jpg,https://rbv01.ku6.com/AXTSKaaJVxTD6PZfMB55FA.mp4
刘晓庆华丽登封面气场十足 大展好身材气质高贵,https://rbv01.ku6.com/ku6_video_cover_vid_218059194.m580x360.jpg,https://rbv01.ku6.com/BIc2pd8KOUr-3SLfNNHJHA.mp4
陈光标1300万买别墅被骗 没进屋看就签约,https://rbv01.ku6.com/ku6_video_cover_vid_232238528.m580x360.jpg,https://rbv01.ku6.com/CI5WI4BN26z7o9pBMUp24A.mp4
陈冠希旧爱疑为富二代诞私生女 男方为阿娇前男友,https://rbv01.ku6.com/ku6_video_cover_vid_229656846.m580x360.jpg,https://rbv01.ku6.com/-Chn_yc6F_YIumgudCg8OA.mp4
曝何政军16岁女儿近照 甜美自拍大眼似老爸,https://rbv01.ku6.com/ku6_video_cover_vid_235967075.m580x360.jpg,https://rbv01.ku6.com/b40eTi2oak0UBe9Sx73DpA.mp4
疑似张艺谋陈婷合照及三子女户口本曝光,https://rbv01.ku6.com/ku6_video_cover_vid_226499001.m580x360.jpg,https://rbv01.ku6.com/CcQWPgWPcaZDa3xnXdN4gg.mp4
舒淇16年前青涩照曝光 网友：那是她吗？,https://rbv01.ku6.com/ku6_video_cover_vid_230093737.m580x360.jpg,https://rbv01.ku6.com/cCBIzOFo2Mk2rsUfalaj3w.mp4
女主播水卜麻美遭高层夺走初夜后抛弃 狂吃暴肥10斤,https://rbv01.ku6.com/ku6_video_cover_vid_235008565.m580x360.jpg,https://rbv01.ku6.com/Bn4eQUph7VbtZHzVizcthA.mp4
传李云迪与神秘女深夜同回公寓,https://rbv01.ku6.com/ku6_video_cover_vid_219665651.m580x360.jpg,https://rbv01.ku6.com/bpYQe_RX1VzDU8tAxwOPKw.mp4
窦靖童素颜自拍视频展歌喉获王菲称赞,https://rbv01.ku6.com/ku6_video_cover_vid_217484093.m580x360.jpg,https://rbv01.ku6.com/b5TL2DGHF6wvm6uPyX7Efw.mp4
李若彤复出引关注 17岁青涩旧照曝光,https://rbv01.ku6.com/ku6_video_cover_vid_233793046.m580x360.jpg,https://rbv01.ku6.com/bgq_AvoKA10d8vc4Ceh7qA.mp4
李彩桦被曝恋富二代男友 踢走新剧女主角甘婷婷,https://rbv01.ku6.com/ku6_video_cover_vid_216609508.m580x360.jpg,https://rbv01.ku6.com/BynLAUdxSsOJKTs8YHcMdw.mp4
曝赵薇变身“亿万楼王” 7处豪宅总价过2亿,https://rbv01.ku6.com/ku6_video_cover_vid_230969373.m580x360.jpg,https://rbv01.ku6.com/BKcFcJZBicUcqXVdJF0wlQ.mp4
“中国星”被曝强制选手整容减肥 节目组否认,https://rbv01.ku6.com/ku6_video_cover_vid_236829873.m580x360.jpg,https://rbv01.ku6.com/Bgv8agKlw1-tUoDBKIp13w.mp4
洪金宝为孙办百日宴 群星到场庆贺,https://rbv01.ku6.com/ku6_video_cover_vid_226282836.m580x360.jpg,https://rbv01.ku6.com/bnShTohPJc6M5x0kkaaOEw.mp4
撒贝宁亲妹妹首度曝光：形似小撒 从事行政工作,https://rbv01.ku6.com/ku6_video_cover_vid_233158544.m580x360.jpg,https://rbv01.ku6.com/bE4N9hCBnuPlZ-ych8rX_w.mp4
梁洛施与初恋男友再续前缘 叫板旧爱李泽楷,https://rbv01.ku6.com/ku6_video_cover_vid_231265728.m580x360.jpg,https://rbv01.ku6.com/7-ymmuY_Erh1tED8DCYt9A.mp4
夏雨袁泉当街相拥走 情侣装夜晚会友破婚变传闻,https://rbv01.ku6.com/ku6_video_cover_vid_240373109.m580x360.jpg,https://rbv01.ku6.com/9Pum27RTEv26Hww1GI83XQ.mp4
明星导师身价表曝光 章子怡1200万性价比最低,https://rbv01.ku6.com/ku6_video_cover_vid_240339795.m580x360.jpg,https://rbv01.ku6.com/7MWPCBDRnsT1YSfcySsGvw.mp4
Hold姐谢依霖再露一秒神技 示范一秒胖30公斤,https://rbv01.ku6.com/7AIofDGFbQSvSGfygAN66Q.mp4.vframe/000001.jpg,https://rbv01.ku6.com/7AIofDGFbQSvSGfygAN66Q.mp4
香港金像奖缅怀28位明星 特设致敬张国荣环节,https://rbv01.ku6.com/ku6_video_cover_vid_222408690.m580x360.jpg,https://rbv01.ku6.com/aSZOsLXxgt3lKN6LyX4T0A.mp4
郭富城熊黛林分手内幕曝光：因男方未解释绯闻,https://rbv01.ku6.com/ku6_video_cover_vid_223542700.m580x360.jpg,https://rbv01.ku6.com/A311bPHaVtX8NV5YsX8Z8g.mp4
林志颖补办婚礼 四岁儿子当花童,https://rbv01.ku6.com/ku6_video_cover_vid_229749666.m580x360.jpg,https://rbv01.ku6.com/9mRPDt1Gu_RkGbOUJidcGg.mp4
曝TVB吴卓羲恋中德混血女模 女方：我们刚刚开始,https://rbv01.ku6.com/ku6_video_cover_vid_233607854.m580x360.jpg,https://rbv01.ku6.com/aU8P6OjBKSLg6nJRBSTJsA.mp4
香港先生白健恩涉嫌基鸭开价三万五,https://rbv01.ku6.com/ku6_video_cover_vid_218976263.m580x360.jpg,https://rbv01.ku6.com/9JvskwIgY5dIc8i6ztLtMw.mp4
房祖名传与内地歌手叶熙祺隐婚 成龙封锁消息,https://rbv01.ku6.com/9cBh61cHrSR-ooSg1VVIhw.mp4.vframe/000001.jpg,https://rbv01.ku6.com/9cBh61cHrSR-ooSg1VVIhw.mp4
雷佳音首度回应与佟丽娅生情,https://rbv01.ku6.com/ku6_video_cover_vid_233950402.m580x360.jpg,https://rbv01.ku6.com/9TgZdizXXILBuX8NpXH2JA.mp4
雪姨王琳本尊录制“你有本事抢男人”神曲 网络爆红,https://rbv01.ku6.com/ku6_video_cover_vid_228653553.m580x360.jpg,https://rbv01.ku6.com/7OdItGfsVmjpDtX-yTbExQ.mp4
唐嫣独家“糖水美肌”大片 透露保养秘诀,https://rbv01.ku6.com/ku6_video_cover_vid_227798554.m580x360.jpg,https://rbv01.ku6.com/7Y-HZ2MFer6Y0GCIk8F3KQ.mp4
袁姗姗 白色连衣长裙柔和清新优雅,https://rbv01.ku6.com/ku6_video_cover_vid_233637493.m580x360.jpg,https://rbv01.ku6.com/9n4VQcY61FW7xNs4f26U6g.mp4
李玟上节目开黄腔 Selina脸部圆润发福,https://rbv01.ku6.com/ku6_video_cover_vid_231873474.m580x360.jpg,https://rbv01.ku6.com/8-D1oyBWTeRv667LEFK77w.mp4
好声音31岁华少5岁儿子和娇妻近照曝光,https://rbv01.ku6.com/ku6_video_cover_vid_132921111.jpg,https://rbv01.ku6.com/8NGn8_P2U0uTHdgy5_jkVg.mp4
陈冠.希微博示爱MaggieQ 疑似两人旧情复燃,https://rbv01.ku6.com/8GQw-3wtW64hSxdowD0uug.mp4.vframe/000001.jpg,https://rbv01.ku6.com/8GQw-3wtW64hSxdowD0uug.mp4
吴奇隆早年罕见青涩照曝光 玉面小生俊朗迷人,https://rbv01.ku6.com/ku6_video_cover_vid_225605127.m580x360.jpg,https://rbv01.ku6.com/7AvS0-xV3jtkrOsC27jkbA.mp4
经纪人曝朱丹口误内幕 正确版没播,https://rbv01.ku6.com/ku6_video_cover_vid_229894988.m580x360.jpg,https://rbv01.ku6.com/8HaJXk-vFUQvYBj8hvqn9A.mp4
刘烨晒爱子爱女温馨互动照 可爱“台词”引人发笑,https://rbv01.ku6.com/ku6_video_cover_vid_219959792.m580x360.jpg,https://rbv01.ku6.com/8dR4GkZfHH-Tk2XIpYnNTA.mp4
闺密曝吴雨霏难忍余文乐三宗罪提出分手,https://rbv01.ku6.com/ku6_video_cover_vid_236215257.m580x360.jpg,https://rbv01.ku6.com/Al_TakCTmjLcyD4v8TSxSw.mp4
龚琳娜炮轰315晚会造假：好几首都是假唱,https://rbv01.ku6.com/ku6_video_cover_vid_218485491.m580x360.jpg,https://rbv01.ku6.com/aoX7ZmGkik9QV_h2u9ejNA.mp4
佟丽娅登杂志封面 清新优雅温婉动人,https://rbv01.ku6.com/ku6_video_cover_vid_225510060.m580x360.jpg,https://rbv01.ku6.com/a52QJ3chGxqko3UfwN7YRg.mp4
张国立跨域拍时尚广告 罗志祥欲上春晚舞台,https://rbv01.ku6.com/aRB-HZV3-TvNTo9KFWL-nQ.mp4.vframe/000001.jpg,https://rbv01.ku6.com/aRB-HZV3-TvNTo9KFWL-nQ.mp4
释小龙发声明否认打人：狗仔挑衅我,https://rbv01.ku6.com/ku6_video_cover_vid_232094326.m580x360.jpg,https://rbv01.ku6.com/8igRpxYAwkObMNsWf6eWww.mp4
林志炫遭遇张雨生 不服输互飙低音,https://rbv01.ku6.com/ku6_video_cover_vid_227541564.m580x360.jpg,https://rbv01.ku6.com/70fZ8WJyTlTJIKy1aMjYMQ.mp4
传张杰想当快男评委被拒 网友质疑赴美目的,https://rbv01.ku6.com/ku6_video_cover_vid_240089859.m580x360.jpg,https://rbv01.ku6.com/ahk_WhCJjMVB01DaGJqfCQ.mp4
柳岩整容前罕见旧照片流出,https://rbv01.ku6.com/ku6_video_cover_vid_234590889.m580x360.jpg,https://rbv01.ku6.com/8-_S69E-u0CFa1T3a-WOBQ.mp4
海清朋克造型拍片 优雅诠释红唇诱惑,https://rbv01.ku6.com/ku6_video_cover_vid_233595980.m580x360.jpg,https://rbv01.ku6.com/7lOgwxO7pKFXSIsHnkdonQ.mp4
单身胡杏儿抵沪有花收 黄宗泽逛超市蹲地露股臀,https://rbv01.ku6.com/ku6_video_cover_vid_216768055.m580x360.jpg,https://rbv01.ku6.com/9HtNG3-aUpqXeKWo_boOCQ.mp4
55岁女星迷倒36岁阔少 曾演95版黄蓉,https://rbv01.ku6.com/ku6_video_cover_vid_238003606.m580x360.jpg,https://rbv01.ku6.com/9oab0QAG689Mf_EVOZlBQA.mp4
女星车晓全新气质大片 纯净优雅似白衣仙子,https://rbv01.ku6.com/ku6_video_cover_vid_224805447.m580x360.jpg,https://rbv01.ku6.com/aGhXPsuEBysw4hbnImhiQA.mp4
孙俪跳孔雀舞吓走孔雀 网友大赞：小主身姿妖娆,https://rbv01.ku6.com/ku6_video_cover_vid_221302009.m580x360.jpg,https://rbv01.ku6.com/agPKxRFqwsJ7OOQBP0r0NQ.mp4
木玛新专辑北京首演 展现摇滚乐完美进化,https://rbv01.ku6.com/aCUZiiyGwozgHNND-zEavw.mp4.vframe/000001.jpg,https://rbv01.ku6.com/aCUZiiyGwozgHNND-zEavw.mp4
张佑赫期待H.O.T重组 陈翔称金素恩是心仪对象,https://rbv01.ku6.com/ADZ8L7XaE6ZBcinSMN2LOg.mp4.vframe/000001.jpg,https://rbv01.ku6.com/ADZ8L7XaE6ZBcinSMN2LOg.mp4
李咏昔日自制情书信封曝光 哈文：画过汽车月票,https://rbv01.ku6.com/ku6_video_cover_vid_229951259.m580x360.jpg,https://rbv01.ku6.com/9KFn6L18mUCkfZAGQPXOjw.mp4
房祖名曝成龙负气赠古屋：剩下的或也送别国,https://rbv01.ku6.com/ku6_video_cover_vid_222759074.m580x360.jpg,https://rbv01.ku6.com/8ADg5hceJQ2Hwq7LHju8yQ.mp4
金像奖提名难见新人 老脸依旧垄断影后影帝,https://rbv01.ku6.com/ku6_video_cover_vid_222416509.m580x360.jpg,https://rbv01.ku6.com/a2xwEJ9JHhBLqOKJF8efPg.mp4
田亮韩庚撕破脸互拆台 田亮粉丝：韩庚娘爆了,https://rbv01.ku6.com/ku6_video_cover_vid_220278144.m580x360.jpg,https://rbv01.ku6.com/a9jA8yxBSPKtOYU9qVuT6A.mp4
19岁嫩模与阔少林峰当众调情 疑怀孕待嫁豪门,https://rbv01.ku6.com/ku6_video_cover_vid_233579185.m580x360.jpg,https://rbv01.ku6.com/7WVmgUGZlYtQsd3JQAD2gw.mp4
谢娜昔日清纯旧照曝光 被赞别有韵味,https://rbv01.ku6.com/ku6_video_cover_vid_232734362.m580x360.jpg,https://rbv01.ku6.com/4FUb5ZN0oJjSzfpl_uEcAg.mp4
郭富城提及生子面露尴尬 与梁家辉并称大叔当场“,https://rbv01.ku6.com/5IEkPeuMD_CIQWv6QUJuVQ.mp4.vframe/000001.jpg,https://rbv01.ku6.com/5IEkPeuMD_CIQWv6QUJuVQ.mp4
张铁林怒斥赵薇食言不支持母校：凭啥看你电影,https://rbv01.ku6.com/ku6_video_cover_vid_232256658.m580x360.jpg,https://rbv01.ku6.com/5t6uts3ijs2l6BchIYeP8w.mp4
张馨予案被告身份曝光 双重户籍曾任政协委员,https://rbv01.ku6.com/ku6_video_cover_vid_240396672.m580x360.jpg,https://rbv01.ku6.com/3GTK1_EmLYLOav53fyu8SA.mp4
曝吴克群与赌王千金何超莲酒店过夜,https://rbv01.ku6.com/ku6_video_cover_vid_219506135.m580x360.jpg,https://rbv01.ku6.com/4l0v4Cr9dzL9L55JEEqOyg.mp4
曝李小璐18岁美国开超市 拥5家店铺年收入过亿,https://rbv01.ku6.com/6AkkNJFYRNPFklJODoWy7g.mp4.vframe/000002.jpg,https://rbv01.ku6.com/6AkkNJFYRNPFklJODoWy7g.mp4
芙蓉姐姐晒素颜照 自称不像郭冬临,https://rbv01.ku6.com/ku6_video_cover_vid_225876278.m580x360.jpg,https://rbv01.ku6.com/6V53Pq1tSEtBwRJI2HIaRQ.mp4
刘嘉玲梁朝伟结婚五周年纪念日 微博分享甜蜜照,https://rbv01.ku6.com/ku6_video_cover_vid_240121526.m580x360.jpg,https://rbv01.ku6.com/6VoR-7ZCUMReVGaRIujyAA.mp4
王李丹妮坐门槛避暑气 被人拍窘迫险飙泪,https://rbv01.ku6.com/ku6_video_cover_vid_241574347.m580x360.jpg,https://rbv01.ku6.com/3JKvM_avffwGm8gBAperVg.mp4
何润东为315发微博内幕： 交易私信截图曝光,https://rbv01.ku6.com/ku6_video_cover_vid_218509362.m580x360.jpg,https://rbv01.ku6.com/4V_OpVQknXTZv9jkjjeg_g.mp4
李泉与黄龄恋情疑曝光 年纪相差18岁引热议,https://rbv01.ku6.com/ku6_video_cover_vid_228398419.m580x360.jpg,https://rbv01.ku6.com/5BeVttqyLBTFFmkQcnSx6Q.mp4
林青霞昔日泳装照没有PS身材好到爆 再受追捧,https://rbv01.ku6.com/ku6_video_cover_vid_218385458.m580x360.jpg,https://rbv01.ku6.com/3QflL6ESUSjuhIGta0rWJQ.mp4
黄晓明拍戏受伤险毁容 山东爷们继续领跑硬汉形象,https://rbv01.ku6.com/25WN7-pU2Fgu1-Z3b2-JQg.mp4.vframe/000001.jpg,https://rbv01.ku6.com/25WN7-pU2Fgu1-Z3b2-JQg.mp4
芙蓉姐姐深夜不归宿寂寞K歌 低胸狂飙海豚音,https://rbv01.ku6.com/ku6_video_cover_vid_221462068.m580x360.jpg,https://rbv01.ku6.com/3xBhj7UFC3oDzzyRfq5D3Q.mp4
17岁林靖恩否认怀孕言语不雅 57岁男友李坤城点赞,https://rbv01.ku6.com/1-YRlS366wLgmvM3bqlxfg.mp4.vframe/000001.jpg,https://rbv01.ku6.com/1-YRlS366wLgmvM3bqlxfg.mp4
范玮琪陋习惹陈建州不满 秦岚诠释“代孕”话题,https://rbv01.ku6.com/69cOaM-V9LAloSrmCk6q9g.mp4.vframe/000001.jpg,https://rbv01.ku6.com/69cOaM-V9LAloSrmCk6q9g.mp4
范冰冰10分钟吸金60万 护驾男士一大群,https://rbv01.ku6.com/ku6_video_cover_vid_130647151.jpg,https://rbv01.ku6.com/20NmCjQHPTU77CFfifxp_Q.mp4
朱军画作价格不菲 曾拍出60万高价,https://rbv01.ku6.com/ku6_video_cover_vid_228163391.m580x360.jpg,https://rbv01.ku6.com/4VbihHyH56Oo-47U3rMwbg.mp4
天后王菲1997年旧照曝光 清纯可人,https://rbv01.ku6.com/ku6_video_cover_vid_241981282.m580x360.jpg,https://rbv01.ku6.com/6jSfNlm9fzDSGY_6sMS7dg.mp4
曝苏醒被彻底雪藏内幕 天娱求记者不写苏醒,https://rbv01.ku6.com/ku6_video_cover_vid_240517084.m580x360.jpg,https://rbv01.ku6.com/2H00VphxnGqa6pmDvBgLcg.mp4
吴莫愁拍VOGUE 特立独行致敬乔治男孩,https://rbv01.ku6.com/ku6_video_cover_vid_225026737.m580x360.jpg,https://rbv01.ku6.com/2nDGY5SsUrEGZkGCs5y49Q.mp4
陈势安携新专辑来京 力邀方大同加盟创作,https://rbv01.ku6.com/3BAcCqVDhSTw9Y3geryoAA.mp4.vframe/000005.jpg,https://rbv01.ku6.com/3BAcCqVDhSTw9Y3geryoAA.mp4
维多利亚庆38岁生日 小贝怀抱小七尽显温情,https://rbv01.ku6.com/2T1JeDf8XWkmWTQxyfh4Qw.mp4.vframe/000005.jpg,https://rbv01.ku6.com/2T1JeDf8XWkmWTQxyfh4Qw.mp4
李晨陈思成圆最初梦想 首次转战幕后共谱爱情`片,https://rbv01.ku6.com/2UHeGE696MEoh0SSyX6scQ.mp4.vframe/000007.jpg,https://rbv01.ku6.com/2UHeGE696MEoh0SSyX6scQ.mp4
李咏被证离开 拟往传媒大学任教,https://rbv01.ku6.com/ku6_video_cover_vid_217010741.m580x360.jpg,https://rbv01.ku6.com/4qsZfxjFfGJjGFmVQ5AhSw.mp4
李宇春戛纳红毯首秀 霸气红袍亮相气场足,https://rbv01.ku6.com/ku6_video_cover_vid_228388958.m580x360.jpg,https://rbv01.ku6.com/41Ess5-pwZHUI66JKwg2nw.mp4
金铭周韦彤上相亲节目找对象被指作秀,https://rbv01.ku6.com/ku6_video_cover_vid_234598057.m580x360.jpg,https://rbv01.ku6.com/5kXOwpFuNJuHOdgZnz-S9A.mp4
杨丽萍自称不适合当评委 坦言不会退休 巡演将继续,https://rbv01.ku6.com/2GRGwWvzrTgmMV9mJZXjHw.mp4.vframe/000002.jpg,https://rbv01.ku6.com/2GRGwWvzrTgmMV9mJZXjHw.mp4
吴莫愁伊能静隔空互赞 庾澄庆旧爱新欢疑似和好,https://rbv01.ku6.com/ku6_video_cover_vid_216309850.m580x360.jpg,https://rbv01.ku6.com/1UQ0o4YEzXA0PptiRNVe-A.mp4
刘惜君杂志大片曝光 清新脱俗展夏日气息,https://rbv01.ku6.com/ku6_video_cover_vid_234703279.m580x360.jpg,https://rbv01.ku6.com/3aL4xledycXbMIq2o1riGA.mp4
郭富城撞车退赛人未伤 情场赛场全失意,https://rbv01.ku6.com/ku6_video_cover_vid_226138454.m580x360.jpg,https://rbv01.ku6.com/6GmxTg9WL6ORlj-P1Hwebg.mp4
孙俪踩拖鞋现身商务大楼 造型显邋遢墨镜忙遮脸,https://rbv01.ku6.com/ku6_video_cover_vid_221163786.m580x360.jpg,https://rbv01.ku6.com/3ZG_g8AMFIPoNWzwnT0QxQ.mp4
秦海璐王新军牵手拍片 眉目传情公开秀甜蜜,https://rbv01.ku6.com/ku6_video_cover_vid_225476927.m580x360.jpg,https://rbv01.ku6.com/29lcJV1lVOyvFVFDpeJEOg.mp4
李冰冰卷发红唇登国际大刊封面 诠释东方美,https://rbv01.ku6.com/ku6_video_cover_vid_231637413.m580x360.jpg,https://rbv01.ku6.com/7_eKvuWdC6pq06ysi5LPTQ.mp4
魏德圣还清周杰伦借债 新片赚票房继续还债,https://rbv01.ku6.com/69SBktfSofPvMtnMKXMGfA.mp4.vframe/000006.jpg,https://rbv01.ku6.com/69SBktfSofPvMtnMKXMGfA.mp4
熊黛林情变后首次亮相 默认分手暗讽第三者,https://rbv01.ku6.com/ku6_video_cover_vid_223395854.m580x360.jpg,https://rbv01.ku6.com/3apM32u8Q5fgQsjOtZcAFA.mp4
景甜甜蜜演绎婚纱礼服大片,https://rbv01.ku6.com/ku6_video_cover_vid_236651439.m580x360.jpg,https://rbv01.ku6.com/68w5LEnvnnkKC7L8LU7a_g.mp4
于正代班乐嘉与沈泰“同台” 网友神评论,https://rbv01.ku6.com/ku6_video_cover_vid_220919026.m580x360.jpg,https://rbv01.ku6.com/5ouNdiEwR-4xPcRq8JJnxQ.mp4
传郭富城开心玩通宵 苟芸慧曾跳钢管舞,https://rbv01.ku6.com/ku6_video_cover_vid_223694740.m580x360.jpg,https://rbv01.ku6.com/6blIq7fqPrOJ7zm3MhoPcw.mp4
张默前女友童瑶新恋情曝光 搭40岁风投公司老总,https://rbv01.ku6.com/ku6_video_cover_vid_228156466.m580x360.jpg,https://rbv01.ku6.com/1TAWNoZPXekJCw1UdurbsQ.mp4
深大校花栗璐雅网络爆红：多面乖乖女,https://rbv01.ku6.com/ku6_video_cover_vid_225503553.m580x360.jpg,https://rbv01.ku6.com/0eMSy7rkb5Wj16S_DBQ6lA.mp4
王祖贤息影11年欲复出 昔日美照盘点,https://rbv01.ku6.com/ku6_video_cover_vid_217087117.m580x360.jpg,https://rbv01.ku6.com/_O3Thk4f8bnNBoBq1SV7cA.mp4
他从_小混混_到影帝 老婆颜值超高,https://rbv01.ku6.com/ku6_video_cover_vid_331432175.m580x360.jpg,https://rbv01.ku6.com/zQ3Ds1AT4Ps74A2RtnTMZw.mp4
29岁一剧成名拍戏26年钱被四个弟妹掏空50岁拍戏累死,https://rbv01.ku6.com/ku6_video_cover_vid_331419435.m580x360.jpg,https://rbv01.ku6.com/WvvxE2HFoyv1ZYrhznTffA.mp4
成龙拿当日报纸反驳死讯：真死了会公告天下,https://rbv01.ku6.com/ku6_video_cover_vid_233678138.m580x360.jpg,https://rbv01.ku6.com/1AWFZxWZLgzgVkBsxUIEiQ.mp4
林志炫再遭女主播微博示爱 回应：女方炒作,https://rbv01.ku6.com/ku6_video_cover_vid_217479310.m580x360.jpg,https://rbv01.ku6.com/1ivxRVhVpGwEs8yD4zgW4g.mp4
苟芸慧与男友恩爱牵手亮相_确定婚期望有浪漫婚礼,https://rbv01.ku6.com/ku6_video_cover_vid_331498797.m580x360.jpg,https://rbv01.ku6.com/UQB-JMtB9OWNBdEeoTDJKg.mp4
美女主播王梁昔日清纯照曝光,https://rbv01.ku6.com/ku6_video_cover_vid_217085384.m580x360.jpg,https://rbv01.ku6.com/0iP9H3my3YwPnaq3iGELMQ.mp4
名模艳丽红裙戛纳走秀 胸前别铁棍标新立异,https://rbv01.ku6.com/ku6_video_cover_vid_228240331.m580x360.jpg,https://rbv01.ku6.com/1Q_Ak71xjfejRdAxg-Qr3g.mp4
黄圣依亲笔写歌忆星爷 坚称与杨子非情侣,https://rbv01.ku6.com/ku6_video_cover_vid_237567641.m580x360.jpg,https://rbv01.ku6.com/0EzIL76_agGWU6wvc9xAjw.mp4
日本电视台评“世界美魔女”：61岁刘晓庆排第二,https://rbv01.ku6.com/ku6_video_cover_vid_226827167.m580x360.jpg,https://rbv01.ku6.com/1bDAHazANFGHj6bE8fTlFQ.mp4
郭富城惊爆嫩模新欢  与叶熙祺家中缠绵三十小时,https://rbv01.ku6.com/ku6_video_cover_vid_240242121.m580x360.jpg,https://rbv01.ku6.com/03IPbRkKmX1i6hfREL-Ebg.mp4
王菲提前庆48岁生日？带李嫣秘密游香港,https://rbv01.ku6.com/ku6_video_cover_vid_331444879.m580x360.jpg,https://rbv01.ku6.com/rymr9ym24yahOjZV2nD3EQ.mp4
朱梓骁狮城助威莱科宁 自曝生活中开车很慢,https://rbv01.ku6.com/175VjZFlRy4c1I_Akb6BwQ.mp4.vframe/000002.jpg,https://rbv01.ku6.com/175VjZFlRy4c1I_Akb6BwQ.mp4
豆姐CUT王源，班小松噩梦惊醒梦境重现，结局截然不同！,https://rbv01.ku6.com/ku6_video_cover_vid_331469187.m580x360.jpg,https://rbv01.ku6.com/qUtbPPvvm6AdLQFogc2FRQ.mp4
杨幂一身红衣玩“下衣失踪”长腿白到发光,https://rbv01.ku6.com/ku6_video_cover_vid_331445240.m580x360.jpg,https://rbv01.ku6.com/Z5I9Ds4K9RA2UjJcNhy24w.mp4
秦岚红唇露背登封面:说真话的姑娘才是大明星,https://rbv01.ku6.com/0yCF2nTzxV4euS8jOz4bqQ.mp4.vframe/000003.jpg,https://rbv01.ku6.com/0yCF2nTzxV4euS8jOz4bqQ.mp4
央视最有女人味的主播 未毕业前就进入央视,https://rbv01.ku6.com/ku6_video_cover_vid_331419496.m580x360.jpg,https://rbv01.ku6.com/S36pwsSiL0DT4kkFkaoLxg.mp4
张翰娜扎抱郑爽大腿？爽妹子自称情商低爱撕比,https://rbv01.ku6.com/--sG8fSNE6UipPLwMzE95Q.mp4.vframe/000001.jpg,https://rbv01.ku6.com/--sG8fSNE6UipPLwMzE95Q.mp4
李宇春巴黎街拍大片曝光 展春式时尚风潮,https://rbv01.ku6.com/ku6_video_cover_vid_234309085.m580x360.jpg,https://rbv01.ku6.com/053KZ8N1xRZY8rZwHW_91g.mp4
徐静蕾谈及新片票房信心十足 当时并不知龙门飞甲,https://rbv01.ku6.com/_6UJIQDORnUvK47BE8j3vg.mp4.vframe/000001.jpg,https://rbv01.ku6.com/_6UJIQDORnUvK47BE8j3vg.mp4
汪小菲带儿子海边出游 带弟弟出来联络一下感情,https://rbv01.ku6.com/ku6_video_cover_vid_331444876.m580x360.jpg,https://rbv01.ku6.com/rrQwtBj-TrH8u3R-yPyPAQ.mp4
陈乔恩国外游学晒自拍 清纯甜美引万人转发,https://rbv01.ku6.com/ku6_video_cover_vid_216563244.m580x360.jpg,https://rbv01.ku6.com/_g_PKfTiTJbqHqmVTpHvYA.mp4
朱时茂曝冯小刚已发邀请 春晚或搭陈佩斯,https://rbv01.ku6.com/ku6_video_cover_vid_241269751.m580x360.jpg,https://rbv01.ku6.com/1a4JXH_sjqJpwKHzfxZZUA.mp4
李冰冰方面发声明斥被代言 将追究对方法律责任,https://rbv01.ku6.com/052xhml2KXRLp867L1gD5w.mp4.vframe/000001.jpg,https://rbv01.ku6.com/052xhml2KXRLp867L1gD5w.mp4
古天乐捞金逗笑影迷 遭粉丝围堵狂奔逃跑,https://rbv01.ku6.com/ku6_video_cover_vid_224864148.m580x360.jpg,https://rbv01.ku6.com/_6i2baCQqQ36Vvn2My9Vmg.mp4
韦唯三混血儿子近照曝光引网友围观,https://rbv01.ku6.com/ku6_video_cover_vid_223281095.m580x360.jpg,https://rbv01.ku6.com/_sn3VetFUfNjV2OGFAeIHg.mp4
父亲节盘点：晒晒娱乐圈明星亲子秀甜蜜瞬间,https://rbv01.ku6.com/ku6_video_cover_vid_232681358.m580x360.jpg,https://rbv01.ku6.com/13u9EGZEI6wuNBPXYnmxRg.mp4
满文军韩红曾被指谈恋爱,https://rbv01.ku6.com/ku6_video_cover_vid_241956741.m580x360.jpg,https://rbv01.ku6.com/18iVYD28oNgS91dqVNDzcw.mp4
主持张羽否认卷入刘铁男贪腐案：捕风捉影,https://rbv01.ku6.com/ku6_video_cover_vid_227769613.m580x360.jpg,https://rbv01.ku6.com/1QDcEOBxbOpjx7d0JuI1cA.mp4
徐峥被曝殴打追拍女记者_后者脸上被踹三脚,https://rbv01.ku6.com/ku6_video_cover_vid_331419516.m580x360.jpg,https://rbv01.ku6.com/XwTwEC1BOYZXEP0yAr5vdw.mp4
李冰冰杂志大片曝光 风情万种尽显“玩美”力量,https://rbv01.ku6.com/ku6_video_cover_vid_219633807.m580x360.jpg,https://rbv01.ku6.com/0JrS7mY-SqwDxsFdO0c__Q.mp4
新戏“本色”出演古惑仔 关智斌理想型标准单纯善良,https://rbv01.ku6.com/ku6_video_cover_vid_331419207.m580x360.jpg,https://rbv01.ku6.com/rIhphsl3f9cfH1bHCU4Zug.mp4
传张惠妹参加娱乐节目宣布复出 加盟费高达千万,https://rbv01.ku6.com/ku6_video_cover_vid_220423986.m580x360.jpg,https://rbv01.ku6.com/0nAzKl3nuVNX9cmTfj1X9A.mp4
恭喜！张若昀唐艺昕公布恋情_晒出甜蜜合影,https://rbv01.ku6.com/ku6_video_cover_vid_331498779.m580x360.jpg,https://rbv01.ku6.com/R1tkM0g18fzn8zP5c7ihWg.mp4
豆姐CUT薛之谦，陶西安主任战胜困难，有情人终成眷属！,https://rbv01.ku6.com/ku6_video_cover_vid_331469188.m580x360.jpg,https://rbv01.ku6.com/wJDjq3Eig3JDNlylcN9jlA.mp4
吴亦凡撞上桌子＂倒地不起＂ 没想到赵丽颖当场哭了,https://rbv01.ku6.com/ku6_video_cover_vid_331476727.m580x360.jpg,https://rbv01.ku6.com/rdWVYllI3Q3L2IuNsMpW6A.mp4
潘粤明夜会低胸妹 身材发福现双下巴,https://rbv01.ku6.com/ku6_video_cover_vid_229549577.m580x360.jpg,https://rbv01.ku6.com/0tfxxfwLcAgB522doqCbsQ.mp4
殷桃大片曝光 展中性帅气风,https://rbv01.ku6.com/ku6_video_cover_vid_230611110.m580x360.jpg,https://rbv01.ku6.com/0UEYrt3o_s-x1926AyoprA.mp4
林心如拍戏惨喝马桶水 惠英红自曝曾遇真鬼,https://rbv01.ku6.com/_mSf_DblSM1BT7XyuPE12A.mp4.vframe/000001.jpg,https://rbv01.ku6.com/_mSf_DblSM1BT7XyuPE12A.mp4
张馨予巴黎进修油画_晒街拍照大长腿抢镜成功,https://rbv01.ku6.com/ku6_video_cover_vid_331446091.m580x360.jpg,https://rbv01.ku6.com/nvVtA4G2u5I-i3XOgMx35Q.mp4
王思聪CJ展热聊美女，众保镖护驾,https://rbv01.ku6.com/ku6_video_cover_vid_331458908.m580x360.jpg,https://rbv01.ku6.com/OR7tnnNWxaoGbzHihCHlEg.mp4
GD上万粉丝陪巡演却感慨寂寞 与小松菜奈发生情变？,https://rbv01.ku6.com/ku6_video_cover_vid_331460734.m580x360.jpg,https://rbv01.ku6.com/htWvi-DrSzbXFGDJYWu_RA.mp4
娱乐圈暖暖姐妹情 郑秀妍为郑秀晶新剧应援,https://rbv01.ku6.com/ku6_video_cover_vid_331237680.m580x360.jpg,https://rbv01.ku6.com/ZJhEOTbC5TEcOTjwxyYgRQ.mp4
周杰伦即将为新戏做监制 爱打游戏的周董谈感言,https://rbv01.ku6.com/ku6_video_cover_vid_331419206.m580x360.jpg,https://rbv01.ku6.com/cF-IPSH6gawC5UaUJTxk_Q.mp4
秀恩爱 张翰对娜扎昵称曝光我们家小公主,https://rbv01.ku6.com/ku6_video_cover_vid_331168683.m580x360.jpg,https://rbv01.ku6.com/y5gAKwvwHdJRQ0quxKF3NA.mp4
杨幂短裙被吹遭狂拍_摄影师被批没水准,https://rbv01.ku6.com/ku6_video_cover_vid_331446099.m580x360.jpg,https://rbv01.ku6.com/0DCf8X-a3H4YYoQVrX-jBw.mp4
51岁温碧霞走过婚变危机 晒与老公养子温馨合照,https://rbv01.ku6.com/ku6_video_cover_vid_331458887.m580x360.jpg,https://rbv01.ku6.com/d8H5py3iWbhc7ThZMTcCLg.mp4
汪小菲带儿子海边出游-带弟弟出来联络一下感情,https://rbv01.ku6.com/ku6_video_cover_vid_331444844.m580x360.jpg,https://rbv01.ku6.com/3UTwnUUjjR_yaICxN_xsWA.mp4
吴奇隆新品黑白能量尽显男友力，现场壁咚牵手粉丝福利超赞！,https://rbv01.ku6.com/ku6_video_cover_vid_331331399.m580x360.jpg,https://rbv01.ku6.com/2Z80GbG-9OdofAeQcvn0sQ.mp4
大咖剧星 《春风十里不如你》揭秘女追男的泡仔套路,https://rbv01.ku6.com/ku6_video_cover_vid_331438615.m580x360.jpg,https://rbv01.ku6.com/EbF5Ou_h1vLJC7pkrmjPnA.mp4
警惕！身体这信号每出现1次就离死亡更近一步！,https://rbv01.ku6.com/JtyPkQyuo8sggqpcVGjoZw.mp4.vframe/000001.jpg,https://rbv01.ku6.com/JtyPkQyuo8sggqpcVGjoZw.mp4
楚乔传片场尬聊欢乐多 赵丽颖林更新一言不合就互怼,https://rbv01.ku6.com/ZyV9F8TTvXSRXDwvDujwYA.jpg,https://rbv01.ku6.com/ZyV9F8TTvXSRXDwvDujwYA.mp4
迪丽热巴遭遇快手主播奇葩求爱_陆地夫妇CP粉来刷屏,https://rbv01.ku6.com/ku6_video_cover_vid_331476799.m580x360.jpg,https://rbv01.ku6.com/B69Ol64tTwttqgO5CyKoTQ.mp4
杨幂短裙被风起忙遮挡 摄影师抢拍走光被批没道德,https://rbv01.ku6.com/ku6_video_cover_vid_331445242.m580x360.jpg,https://rbv01.ku6.com/ONxV9gpcEJrRJeAzD2rumQ.mp4
周迅与男监制住同家酒店？否认：是工作人员,https://rbv01.ku6.com/ku6_video_cover_vid_331460672.m580x360.jpg,https://rbv01.ku6.com/2NLaBHj6dzbugvg3wqI1-A.mp4
饭爱豆机场周刊！唐嫣VS郑爽私服你爱谁？,https://rbv01.ku6.com/ku6_video_cover_vid_331236593.m580x360.jpg,https://rbv01.ku6.com/xw3H_UEMSbDXWRrzE7kiEg.mp4
豆姐CUT赵丽颖，楚乔宁愿竭尽全力渡燕洵上岸，也不肯放弃他！,https://rbv01.ku6.com/ku6_video_cover_vid_331469237.m580x360.jpg,https://rbv01.ku6.com/5QLZKr61lwYhy74rvkavlQ.mp4
Ella_爬进婴儿床_老公-大小我都爱,https://rbv01.ku6.com/ku6_video_cover_vid_331490998.m580x360.jpg,https://rbv01.ku6.com/buVUJLu_rKVB-RATg54huQ.mp4
张天爱关晓彤同台斗艳_一个少女一个御姐,https://rbv01.ku6.com/ku6_video_cover_vid_331438719.m580x360.jpg,https://rbv01.ku6.com/hPkuNPt4LqxREsaSSGFoew.mp4
李小璐随老公回农村老家！一身红衣花裤很接地气,https://rbv01.ku6.com/ku6_video_cover_vid_331458894.m580x360.jpg,https://rbv01.ku6.com/fK7P5YGd1JsVJ6xgePVXxA.mp4
张含韵机场下衣失踪秀美腿_素颜戴眼镜学生气十足装,https://rbv01.ku6.com/ku6_video_cover_vid_331498766.m580x360.jpg,https://rbv01.ku6.com/hGB5PNlmzFTUTcOHIhnLhQ.mp4
四分钟看完《建军大业》 豪华演员阵容包成亮点,https://rbv01.ku6.com/jprH88uguo9nkZoJ57TGpQ.jpg,https://rbv01.ku6.com/jprH88uguo9nkZoJ57TGpQ.mp4
林志玲渴望爱情 遇到对的人愿意公开 想要被疼爱,https://rbv01.ku6.com/ku6_video_cover_vid_331498791.m580x360.jpg,https://rbv01.ku6.com/CfWJ1sAHDJdMtuDaA9aQSQ.mp4
豆姐CUT易烊千玺，尹柯“暖心小哥哥”，比赛只考虑队友！,https://rbv01.ku6.com/ku6_video_cover_vid_331469211.m580x360.jpg,https://rbv01.ku6.com/EzlGNIbdBbohC9qHyz285Q.mp4
安以轩携富豪老公海岛度蜜月 与30只鲨鱼海中同游,https://rbv01.ku6.com/ku6_video_cover_vid_331476739.m580x360.jpg,https://rbv01.ku6.com/CHe61FJOvN9YamcfS-A9_w.mp4
郑恺和女友练空中瑜伽，好羡慕有这么高颜值男女朋友,https://rbv01.ku6.com/ku6_video_cover_vid_331240664.m580x360.jpg,https://rbv01.ku6.com/yRQe_D6sySZnHOyfUbD80Q.mp4
范冰冰梳起辫子好像小姑娘,https://rbv01.ku6.com/ku6_video_cover_vid_331426657.m580x360.jpg,https://rbv01.ku6.com/mQJGNqGGPsp_esTrPaEhhw.mp4
34岁美女主播患癌病逝_生前遗愿想为儿女再添弟妹,https://rbv01.ku6.com/ku6_video_cover_vid_331476723.m580x360.jpg,https://rbv01.ku6.com/j_kMK7a2uxdWRV2i2_uymw.mp4
秀恩爱!福原爱嫌江宏杰表白出现太慢:鄙视你,https://rbv01.ku6.com/ku6_video_cover_vid_331444889.m580x360.jpg,https://rbv01.ku6.com/dqlQXX9NfNJR5DtdDghq5w.mp4
阮经天回应不用配音 一定是正统的胡八一,https://rbv01.ku6.com/ku6_video_cover_vid_331331435.m580x360.jpg,https://rbv01.ku6.com/EBTtEjErXFj_LH1tEyBbhQ.mp4
郑恺变身舞王劲爆热舞 深情告白女友：重新恋爱一次,https://rbv01.ku6.com/ku6_video_cover_vid_331460787.m580x360.jpg,https://rbv01.ku6.com/NNFUz-bC87aAH5HQvty9hQ.mp4
网友商场偶遇刘亦菲逛街 素颜被偷拍仍超美,https://rbv01.ku6.com/ku6_video_cover_vid_331444892.m580x360.jpg,https://rbv01.ku6.com/5wHUe87Ghd1y1qGaREVIBA.mp4
Ella黑白条上装微露香肩  热裤秀美腿,https://rbv01.ku6.com/ku6_video_cover_vid_331419326.m580x360.jpg,https://rbv01.ku6.com/JOybMIyhC-0tefEIm7OYzg.mp4
明星豪宅也接地气 范冰冰秀恩爱郑爽太随意,https://rbv01.ku6.com/ku6_video_cover_vid_331458898.m580x360.jpg,https://rbv01.ku6.com/i6DLc5zIoMfn9OE3p69v-Q.mp4
徐峥被曝殴打追拍女记者 后者脸上被踹三脚,https://rbv01.ku6.com/ku6_video_cover_vid_331419337.m580x360.jpg,https://rbv01.ku6.com/4X5nfS2YJEANsXxEkBRc_Q.mp4
超幸福！伊能静秦昊带小米粒出游用餐秀恩爱,https://rbv01.ku6.com/ku6_video_cover_vid_331149952.m580x360.jpg,https://rbv01.ku6.com/y2-Pm4FFRKD1OlTcqQ4bww.mp4
金喜善被问老公出轨怎么办？意外回答,https://rbv01.ku6.com/ku6_video_cover_vid_331327676.m580x360.jpg,https://rbv01.ku6.com/zQZC6CW-2naXQZqJFCGRIQ.mp4
网友拼了刘亦菲11年前后的对比照，太惊艳了,https://rbv01.ku6.com/ku6_video_cover_vid_331245453.m580x360.jpg,https://rbv01.ku6.com/zbQ7G-r-yy8y75Y92a3Mhg.mp4
拒绝网络暴力 娜扎工作室发声明：将起诉造谣者,https://rbv01.ku6.com/ku6_video_cover_vid_331272706.m580x360.jpg,https://rbv01.ku6.com/yAqwT5I7ED2NaXuDIaiEWw.mp4
大S自曝爱喝酒千杯不醉 吐槽小S酒品差喝多就哭,https://rbv01.ku6.com/ku6_video_cover_vid_331184350.m580x360.jpg,https://rbv01.ku6.com/q-FdlKKisPL2Zl6Xupax6g.mp4
林允儿自爆没洗澡_出道十年甜蜜表白粉丝,https://rbv01.ku6.com/ku6_video_cover_vid_331328280.m580x360.jpg,https://rbv01.ku6.com/s8oLsj1E3Q04jVVNVQRjeQ.mp4
古力娜扎便利店街拍五官精致_穿粉裤显嫩,https://rbv01.ku6.com/ku6_video_cover_vid_331141765.m580x360.jpg,https://rbv01.ku6.com/r8n_f0C9dCYj2m1OrC3H7Q.mp4
2017年韩国小姐冠军出炉！戴上王冠喜极而泣,https://rbv01.ku6.com/ku6_video_cover_vid_331137794.m580x360.jpg,https://rbv01.ku6.com/rGhcc4m4dI6OvbDDNSc5Bg.mp4
2017封神盛典上海启幕 炫酷来袭召唤最强阵容,https://rbv01.ku6.com/ku6_video_cover_vid_331237681.m580x360.jpg,https://rbv01.ku6.com/Rdf_q6u7Xh-0JZ87PTtzPQ.mp4
杨丞琳还原“耍大牌”真相-不甘一再被欺负,https://rbv01.ku6.com/ku6_video_cover_vid_331168030.m580x360.jpg,https://rbv01.ku6.com/tJwO11EYFt3AkSvaesOOVA.mp4
小S依偎许雅钧怀里一脸幸福_称老公是唯一的帅哥,https://rbv01.ku6.com/ku6_video_cover_vid_331190349.m580x360.jpg,https://rbv01.ku6.com/pdMIpPB00WGXG04gU5c32w.mp4
张庭飞机上给老公敷面膜-冻龄成18岁,https://rbv01.ku6.com/ku6_video_cover_vid_331238520.m580x360.jpg,https://rbv01.ku6.com/wHGnt_p9g6PKoLGqN7edbA.mp4
罗志祥选快男颜值竟然以孙红雷为标准，画面太美！,https://rbv01.ku6.com/ku6_video_cover_vid_331303333.m580x360.jpg,https://rbv01.ku6.com/qSWZOvJuuOiHSFpYG5scYw.mp4
张艺兴小伙太帅了 街头吸引众粉丝,https://rbv01.ku6.com/ku6_video_cover_vid_331252154.m580x360.jpg,https://rbv01.ku6.com/VYoh-p6Aks0__shqdKLPhQ.mp4
刘翔吴莎合体现身又搂又抱！用胸膛护驾甜蜜秀恩爱,https://rbv01.ku6.com/ku6_video_cover_vid_331327064.m580x360.jpg,https://rbv01.ku6.com/wLvS9qnTvOh3X5GF7I2yUg.mp4
姚笛疑曝新恋情 与神秘酒店老板约会关系亲密,https://rbv01.ku6.com/ku6_video_cover_vid_331245444.m580x360.jpg,https://rbv01.ku6.com/-uOefEfkno73jHWAYgOKiA.mp4
林丹老婆巴黎河边平板支撑 秀小蛮腰身材堪比超模,https://rbv01.ku6.com/ku6_video_cover_vid_331283977.m580x360.jpg,https://rbv01.ku6.com/pmLLaW-xX3jRpIQug9XuhA.mp4
杨幂出席活动显娇俏_别致红裙秀美腿,https://rbv01.ku6.com/ku6_video_cover_vid_331238559.m580x360.jpg,https://rbv01.ku6.com/VsRY6yM_Q68ghDVEB-xrPw.mp4
爽妹子太随性 这举动让倪妮都尴尬了,https://rbv01.ku6.com/ku6_video_cover_vid_331155195.m580x360.jpg,https://rbv01.ku6.com/rA9ps-euR_w0-zNel2tTGg.mp4
刘嘉玲庆贺侄子毕业疑送豪车-车牌号是名字缩写,https://rbv01.ku6.com/ku6_video_cover_vid_331238528.m580x360.jpg,https://rbv01.ku6.com/OwHeSBixjpcBcPu1azQisQ.mp4
小兵张嘎的老婆竟然是礼仪老师！,https://rbv01.ku6.com/ku6_video_cover_vid_331246682.m580x360.jpg,https://rbv01.ku6.com/rjjWDBfAmx0afZ98mXYTFg.mp4
他曾是“师奶杀手”因抛弃妻子至身败名裂,https://rbv01.ku6.com/ku6_video_cover_vid_331327670.m580x360.jpg,https://rbv01.ku6.com/sEvaBI7XUyu3wl79wCFQDg.mp4
蔡依林旧爱锦荣约会混血辣模  打扮轻便互动自然,https://rbv01.ku6.com/ku6_video_cover_vid_331243076.m580x360.jpg,https://rbv01.ku6.com/stmNGbhu5cyaT6S9EBRzVw.mp4
关晓彤T台走秀初体验 逆天长腿不输麻豆,https://rbv01.ku6.com/ku6_video_cover_vid_331272475.m580x360.jpg,https://rbv01.ku6.com/spCZqxnL-kc1Ho3lAuXX5Q.mp4
林和胡尬舞，老胡不愧是老司机，跳的那么有趣,https://rbv01.ku6.com/ku6_video_cover_vid_331240681.m580x360.jpg,https://rbv01.ku6.com/X7r70cLUX0_mgcMbtvyJKA.mp4
刘翔吴莎情侣装出行秀恩爱_用胸膛护驾甜蜜耳语,https://rbv01.ku6.com/ku6_video_cover_vid_331328262.m580x360.jpg,https://rbv01.ku6.com/UqyOfe5APwe28HPg98_E4w.mp4
拒绝网络暴力！娜扎工作室发声明_将起诉造谣者,https://rbv01.ku6.com/ku6_video_cover_vid_331272735.m580x360.jpg,https://rbv01.ku6.com/Us-bsNITkV4dsZYzaYvpOg.mp4
田馥甄巡回演唱会上海场开唱 华语女神届扛把子也会freestyle,https://rbv01.ku6.com/ku6_video_cover_vid_331237672.m580x360.jpg,https://rbv01.ku6.com/QanHZwknPB049xdMKDTMAw.mp4
女星零美化照片曝光 范冰冰细纹吓人,https://rbv01.ku6.com/ku6_video_cover_vid_331314649.m580x360.jpg,https://rbv01.ku6.com/S-6HtfiGC8HFrcr-2Glrcw.mp4
孙悦携夫旅游避暑 晒亲密依偎照罕见秀恩爱,https://rbv01.ku6.com/ku6_video_cover_vid_331243095.m580x360.jpg,https://rbv01.ku6.com/UdWz4RxmlEgijSGVUL7M5Q.mp4
她是赵薇闺蜜黄晓明初恋 去世时半个娱乐圈放声痛哭,https://rbv01.ku6.com/ku6_video_cover_vid_331235730.m580x360.jpg,https://rbv01.ku6.com/ViSz3GMYP2AXI-CfWBwy_w.mp4
温碧霞被曝17年婚姻陷危机_与富商老公分居4个月,https://rbv01.ku6.com/ku6_video_cover_vid_331192120.m580x360.jpg,https://rbv01.ku6.com/o5u167EaTaE8CEdWGCwtrQ.mp4
大张伟与人battle让吴亦凡感到震惊! freestyle谁也玩不过大张伟,https://rbv01.ku6.com/ku6_video_cover_vid_331252463.m580x360.jpg,https://rbv01.ku6.com/tOyNVI4FFDIywZxYWiB7hQ.mp4
天啦噜！刘涛最爱的小鲜肉竟然是他,https://rbv01.ku6.com/ku6_video_cover_vid_331246677.m580x360.jpg,https://rbv01.ku6.com/SRrH1xJOKitVGLb9JP25Tg.mp4
吴越因演小三被骂乐观的她微博晒小诗回应心态坦然,https://rbv01.ku6.com/ku6_video_cover_vid_331198418.m580x360.jpg,https://rbv01.ku6.com/v3uM55SYDYu0Rl4dEoR1XQ.mp4
窦骁公开恋情，女朋友竟然是她,https://rbv01.ku6.com/ku6_video_cover_vid_331328284.m580x360.jpg,https://rbv01.ku6.com/op2bXZKcVtPnGki4iI_Z9g.mp4
温碧霞与老公关系转绿灯 微博发文：且行且珍惜,https://rbv01.ku6.com/ku6_video_cover_vid_331245521.m580x360.jpg,https://rbv01.ku6.com/UU2blK7hBxvUWcYme9KqVA.mp4
吴奇隆笑称怕被老婆修理 与粉丝上演壁咚现场,https://rbv01.ku6.com/ku6_video_cover_vid_331325684.m580x360.jpg,https://rbv01.ku6.com/uL4C5sdDcwA3BqTNPEtKeg.mp4
陈妍希曝陈晓得知她怀孕反应_没想到对方这么淡定,https://rbv01.ku6.com/ku6_video_cover_vid_331272749.m580x360.jpg,https://rbv01.ku6.com/oISBBErRQv86D-uS3epx3w.mp4
5个你值得拥有的极佳发明,https://rbv01.ku6.com/ku6_video_cover_vid_331303368.m580x360.jpg,https://rbv01.ku6.com/rSl-GTPSZuX24g9ne3R6Vw.mp4
花少四美秀腿江疏影最亮眼_娜扎秀事业线超抢镜,https://rbv01.ku6.com/ku6_video_cover_vid_331155651.m580x360.jpg,https://rbv01.ku6.com/pWUP_2mnQ3DjPLcmDPRY9Q.mp4
朱莉乐当全职妈妈不想约会 打扮朴素带孩子逛街,https://rbv01.ku6.com/ku6_video_cover_vid_331155190.m580x360.jpg,https://rbv01.ku6.com/UjVzGsT6yYW5Q_COlF5zOg.mp4
范冰冰自曝倒追李晨 第一次约会是自己提的,https://rbv01.ku6.com/ku6_video_cover_vid_331147412.m580x360.jpg,https://rbv01.ku6.com/snGJm4LkJWBD5Xte3jRW-Q.mp4
刘强东章泽天合体现身_甜蜜对视超恩爱,https://rbv01.ku6.com/ku6_video_cover_vid_331243020.m580x360.jpg,https://rbv01.ku6.com/UCMKbP5GLIRF79ImgReH8Q.mp4
跟着杨幂学会这两款发型，清爽又显气质！,https://rbv01.ku6.com/ku6_video_cover_vid_331236247.m580x360.jpg,https://rbv01.ku6.com/es7giZg4a0XaRMtmTDpn5g.mp4
林志玲 言承旭 希望以前喜欢的跟别人幸福在一起,https://rbv01.ku6.com/ku6_video_cover_vid_331146726.m580x360.jpg,https://rbv01.ku6.com/mhF3XVamaXSaBfZL22ZS4g.mp4
查斯特曾遭成年男子性侵6年  父母离异同学排挤,https://rbv01.ku6.com/ku6_video_cover_vid_331305518.m580x360.jpg,https://rbv01.ku6.com/J0SUV-MCdLOuTBcZh-aVTw.mp4
关晓彤T台初次走秀，大秀长腿气场十足！,https://rbv01.ku6.com/ku6_video_cover_vid_331303343.m580x360.jpg,https://rbv01.ku6.com/f6mXAk5IMV8oZL6z7mpy2w.mp4
沈梦辰独自推行李箱现身机场 穿牛仔短裙露白皙美腿,https://rbv01.ku6.com/ku6_video_cover_vid_331184372.m580x360.jpg,https://rbv01.ku6.com/GQkL-ujYYmkSjjUZIOlAeg.mp4
娱乐圈明星李小璐节目中花式秀恩爱，表示很幸福,https://rbv01.ku6.com/ku6_video_cover_vid_331303359.m580x360.jpg,https://rbv01.ku6.com/mOZ1z5n5g6IA_W7ItxFQyA.mp4
曹格女儿长出了大长腿 真是女大十八变,https://rbv01.ku6.com/ku6_video_cover_vid_331198425.m580x360.jpg,https://rbv01.ku6.com/F9pAWcAdLlZ4MwUmqzyFtQ.mp4
郑爽头发咋回事？精致的妹子脸美发型也要美,https://rbv01.ku6.com/ku6_video_cover_vid_331303348.m580x360.jpg,https://rbv01.ku6.com/iWo_HaCsL0FyRo_W1-5D2g.mp4
杨出发布达佩斯世锦赛 神采奕奕长腿傲人,https://rbv01.ku6.com/ku6_video_cover_vid_331236987.m580x360.jpg,https://rbv01.ku6.com/HFpVsRxXnOxIWjzlh1pP4w.mp4
怀孕少女欢乐多! 江宏杰玩游戏福原爱捣乱很虐狗,https://rbv01.ku6.com/ku6_video_cover_vid_331290469.m580x360.jpg,https://rbv01.ku6.com/nUSkNofdgGVjhVvyqRK7sA.mp4
刘诗诗遭陈伟霆摸头杀 短发变假小子秀美腿,https://rbv01.ku6.com/ku6_video_cover_vid_331146718.m580x360.jpg,https://rbv01.ku6.com/MO4cibwV3vVBwVK38_ZG4Q.mp4
王俊凯扮“松鼠”惹女生尖叫，王源棒球队招新脑力大开！,https://rbv01.ku6.com/ku6_video_cover_vid_331239532.m580x360.jpg,https://rbv01.ku6.com/JRIYthTxH7VmqFKrUosTtA.mp4
范冰冰淡雅写真曝光  穿碎花长裙气场十足,https://rbv01.ku6.com/ku6_video_cover_vid_331272499.m580x360.jpg,https://rbv01.ku6.com/l3iZ_2VY8MBtHWwMPfGeYg.mp4
林肯公园主唱查斯特-贝宁顿上吊自杀年仅41岁,https://rbv01.ku6.com/ku6_video_cover_vid_331305517.m580x360.jpg,https://rbv01.ku6.com/k7NFbP2SCwGOQipLud0Jsg.mp4
范冰冰坐谢霆锋大腿 却用八个字堵住了李晨的嘴,https://rbv01.ku6.com/ku6_video_cover_vid_331209376.m580x360.jpg,https://rbv01.ku6.com/EFEqrSU1hPT75Ga6cPzrjA.mp4
辣妈可以妩媚也能少女！林心如新写真演绎双面女郎,https://rbv01.ku6.com/ku6_video_cover_vid_331245459.m580x360.jpg,https://rbv01.ku6.com/JjdMBorOnPCzMHZa4jfcwg.mp4
思思怀孕啦！邓超孙俪联手为经纪人庆生,https://rbv01.ku6.com/ku6_video_cover_vid_331149946.m580x360.jpg,https://rbv01.ku6.com/mNT2SGn3XFC5LcH-hdItjA.mp4
古巨基结婚三周年遇彩虹许愿 和老婆甜蜜十指紧扣,https://rbv01.ku6.com/ku6_video_cover_vid_331198409.m580x360.jpg,https://rbv01.ku6.com/G3SVYXyn8-1d5GRRCmZqYQ.mp4
张馨予写真曝光 大黑牛李晨当初的选择可能是错误的,https://rbv01.ku6.com/ku6_video_cover_vid_331316705.m580x360.jpg,https://rbv01.ku6.com/k4G-LCVR0SB8wCvDgU-i5A.mp4
黑科技降临 让你用小指环掌控世界,https://rbv01.ku6.com/ku6_video_cover_vid_331305559.m580x360.jpg,https://rbv01.ku6.com/jRCLXkhOPdiE88JyrAGJAg.mp4
Angelababy公开怀孕最胖体重_靠两招速度瘦身,https://rbv01.ku6.com/ku6_video_cover_vid_331305580.m580x360.jpg,https://rbv01.ku6.com/fkD92v5e6qhCMDBTSqW4eA.mp4
最美公主排名，林心如排第三李沁排第四第一竟然是她,https://rbv01.ku6.com/ku6_video_cover_vid_331252159.m580x360.jpg,https://rbv01.ku6.com/jRuQd3YNR9bW81_Fgh7h8g.mp4
辣妈黄圣依产后复出  称愿与周星驰再合作,https://rbv01.ku6.com/ila9BkOtyGnaK_7410yICg.jpg,https://rbv01.ku6.com/ila9BkOtyGnaK_7410yICg.mp4
东星818-陈伟霆刘诗诗演古偶还靠发型抢戏,https://rbv01.ku6.com/fc17DfOriF5NuUtcHwJPBQ.mp4.vframe/000001.jpg,https://rbv01.ku6.com/fc17DfOriF5NuUtcHwJPBQ.mp4
欧阳娜娜穿长款卫衣玩下衣失踪_好想要同款美腿！,https://rbv01.ku6.com/ku6_video_cover_vid_331243046.m580x360.jpg,https://rbv01.ku6.com/ncp5RoJYcI9MA3F78wgSvg.mp4
郑爽穿短裙露麻杆腿超瘦 与替身傻傻分不清楚,https://rbv01.ku6.com/ku6_video_cover_vid_331155667.m580x360.jpg,https://rbv01.ku6.com/g5ER3qRwShxvGTAO5hfJTQ.mp4
钟丽缇回京上围丰满_老公张伦硕牵继女父爱满满,https://rbv01.ku6.com/ku6_video_cover_vid_331190371.m580x360.jpg,https://rbv01.ku6.com/gAhtcO0wFYOnJg13riHgpg.mp4
汪小菲临出差不舍女儿 父女单独出游享亲子时光,https://rbv01.ku6.com/ku6_video_cover_vid_331245449.m580x360.jpg,https://rbv01.ku6.com/IaJnXKMYrX6ik1rsmNH76Q.mp4
周杰回应被自己的表情包侮辱 作为一个人要有尊严,https://rbv01.ku6.com/ku6_video_cover_vid_331209367.m580x360.jpg,https://rbv01.ku6.com/-NPgfegw12TqhdyIFQkJYQ.mp4
刘涛深夜秀恩爱-十年前，有一个人给了我一个梦,https://rbv01.ku6.com/ku6_video_cover_vid_331306197.m580x360.jpg,https://rbv01.ku6.com/LfouzYAN9GuVTr-ReswcoQ.mp4
唐嫣宋茜马苏一头白发_唐嫣显凄美热巴最漂亮,https://rbv01.ku6.com/ku6_video_cover_vid_331301065.m580x360.jpg,https://rbv01.ku6.com/jauPDFdYE-9DCzap3gL2Hg.mp4
张翰娜扎爆结婚领证！想要有个家工作室回应了!,https://rbv01.ku6.com/ku6_video_cover_vid_331240665.m580x360.jpg,https://rbv01.ku6.com/jhbhou8Mq70Tt5JoNIqQPQ.mp4
黄品源车站遇行乞老婆婆_脱了袜子帮其穿上防晒伤,https://rbv01.ku6.com/ku6_video_cover_vid_331301167.m580x360.jpg,https://rbv01.ku6.com/kxDp_z0sKA0jzmFejHKJyQ.mp4
胡杏儿孕期近照曝光_身体变胖鼻子变大,https://rbv01.ku6.com/ku6_video_cover_vid_331141782.m580x360.jpg,https://rbv01.ku6.com/LF0PE2dKBIfnr4wrG0DPNw.mp4
小个子女生的穿衣法则 5个技巧教你穿出大长腿,https://rbv01.ku6.com/ku6_video_cover_vid_331316700.m580x360.jpg,https://rbv01.ku6.com/Nxo_vKqpIy0t4n8XukCgYg.mp4
孙俪刘诗诗婚后幸福感爆棚 竟然还不忘时刻关注TA,https://rbv01.ku6.com/o2TT9eNhbCpEOt_A55GP2g.jpg,https://rbv01.ku6.com/o2TT9eNhbCpEOt_A55GP2g.mp4
黄磊砸了“黄小厨”招牌！竟然栽在油条上,https://rbv01.ku6.com/ku6_video_cover_vid_331161361.m580x360.jpg,https://rbv01.ku6.com/m3r0Uv0Mu6am9zS-6equyg.mp4
罗志祥低调做慈善收养流浪狗，张艺兴抱萌宠暖化粉丝,https://rbv01.ku6.com/ku6_video_cover_vid_331161376.m580x360.jpg,https://rbv01.ku6.com/nxPt0FwJQLyaM-pcOMMhWA.mp4
妹妹穿短裙只求与李晨合影_结果全被欧阳娜娜毁了,https://rbv01.ku6.com/ku6_video_cover_vid_331301132.m580x360.jpg,https://rbv01.ku6.com/EH_v7-DKDlbarYwN85ed3Q.mp4
林更新怀抱新宠取名月八_网友-月七哭晕在厕所,https://rbv01.ku6.com/ku6_video_cover_vid_331190353.m580x360.jpg,https://rbv01.ku6.com/GaOXdbjuyDwPESl7kfCftw.mp4
关晓彤机场秀美腿  边走边看助理打游戏,https://rbv01.ku6.com/ku6_video_cover_vid_331147405.m580x360.jpg,https://rbv01.ku6.com/9Hzm0yyVeMcLcJx_jmcsCQ.mp4
蒋欣穿纸巾婚纱走秀_身材被衬得有些壮,https://rbv01.ku6.com/ku6_video_cover_vid_331305595.m580x360.jpg,https://rbv01.ku6.com/1sU_nmBKOgnLJgZcO4HT2w.mp4
林更新耍帅被抓包“衣服穿反了” 羞回粉丝:我恨你,https://rbv01.ku6.com/ku6_video_cover_vid_331305516.m580x360.jpg,https://rbv01.ku6.com/3TousOvoEEooGETMRYfZRg.mp4
林更新自拍照尴尬撞脸王思聪，遭网友评论调侃搞事情,https://rbv01.ku6.com/ku6_video_cover_vid_331327671.m580x360.jpg,https://rbv01.ku6.com/4XDRIZSunF6NTZA6j6E9yQ.mp4
姚晨获老公儿子接机乐开花 一顶帽子全家戴,https://rbv01.ku6.com/ku6_video_cover_vid_331243093.m580x360.jpg,https://rbv01.ku6.com/CEF-wmWP3uJXF9c8vzIsGA.mp4
彭于晏半夜被骂全家？郑爽黑粉炒作不知疲倦！,https://rbv01.ku6.com/ku6_video_cover_vid_331303356.m580x360.jpg,https://rbv01.ku6.com/0P6OnrGqeqjkVldxo5gEEA.mp4
蒋欣穿纸巾婚纱走秀身材被衬得有些壮,https://rbv01.ku6.com/ku6_video_cover_vid_331305524.m580x360.jpg,https://rbv01.ku6.com/BIkunzplDG1RL0EbS-hUFg.mp4
在周迅今年的公益晚会上，不见老公只见前任,https://rbv01.ku6.com/ku6_video_cover_vid_331243080.m580x360.jpg,https://rbv01.ku6.com/BpUFkrm3En1DhPV-BIANTw.mp4
孙莉晒与女儿温馨合影 多妹有了弟弟后更爱撒娇,https://rbv01.ku6.com/ku6_video_cover_vid_331245445.m580x360.jpg,https://rbv01.ku6.com/8iY3q3T5oB2VayNEeVqsAg.mp4
热巴童鞋的语言天赋太厉害_跟着迪老师学语言,https://rbv01.ku6.com/ku6_video_cover_vid_331146963.m580x360.jpg,https://rbv01.ku6.com/a6yAxA9tth85Qjr4i3hHqg.mp4
黄晓明创投季变X战警   牵手新导零片酬倒贴钱,https://rbv01.ku6.com/ku6_video_cover_vid_269572638.m580x360.jpg,https://rbv01.ku6.com/dSgQqENAhaCmAWoHg1xvEA.mp4
不再是单独约会! 林更新赵又廷和友人聚餐超欢乐,https://rbv01.ku6.com/ku6_video_cover_vid_331198406.m580x360.jpg,https://rbv01.ku6.com/5s-t9txXRoQGKO1mv4I83g.mp4
霍建华：外界强加的偶像标签演戏剃光头不算牺牲,https://rbv01.ku6.com/ku6_video_cover_vid_331272506.m580x360.jpg,https://rbv01.ku6.com/AY4G9_KXiKOdLagDnIoN-g.mp4
收到陌生人的手写信是种什么体验？,https://rbv01.ku6.com/ku6_video_cover_vid_331156430.m580x360.jpg,https://rbv01.ku6.com/6B-S2Hs16Wq02usVbRaCww.mp4
韩红爱心 百人援青 公益宣传短片之韩红篇,https://rbv01.ku6.com/ku6_video_cover_vid_267776332.m580x360.jpg,https://rbv01.ku6.com/07Wi20Dlntk0SuQCMBrngQ.mp4
甜妹子！关晓彤回眸比V露甜笑  白嫩长腿超抢镜,https://rbv01.ku6.com/ku6_video_cover_vid_331272497.m580x360.jpg,https://rbv01.ku6.com/DHwCpFE14maFLr8o2OcW3g.mp4
张柏芝晒冲浪照秀美腿  希望不要再瘦,https://rbv01.ku6.com/ku6_video_cover_vid_331146719.m580x360.jpg,https://rbv01.ku6.com/BFmmFvXbnox-ZpRHVmU39w.mp4
谢娜全黑LOOK现身秀美腿  紧盯手机似与张杰传情,https://rbv01.ku6.com/ku6_video_cover_vid_331272503.m580x360.jpg,https://rbv01.ku6.com/8ZcRu1qPjex-oooZNEEwDQ.mp4
姚笛新恋情疑曝光_与白衣男子亲密约会共赴酒店,https://rbv01.ku6.com/ku6_video_cover_vid_331246679.m580x360.jpg,https://rbv01.ku6.com/1xpnDPgmfPlMyA_xR7i5Sw.mp4
谢霆锋隔空传情  新年与你共同出发,https://rbv01.ku6.com/ku6_video_cover_vid_294375425.m580x360.jpg,https://rbv01.ku6.com/FjY78_JXTkRvwmVBbTrFZw.mp4
蜜蜂少女队之冰蜂肌蜜：最纯净少女罗姝涵澎湃追梦,https://rbv01.ku6.com/ku6_video_cover_vid_299670731.m580x360.jpg,https://rbv01.ku6.com/TfFmQTNfjRGu8AjMtURAjQ.mp4
孙悦携夫旅游避暑_晒亲密依偎照罕见秀恩爱,https://rbv01.ku6.com/ku6_video_cover_vid_331243025.m580x360.jpg,https://rbv01.ku6.com/dNJDd6O3H8ohEGohSmapNA.mp4
刘诗诗蓝裙上身小仙女 她们化身优雅蓝色妖姬,https://rbv01.ku6.com/ku6_video_cover_vid_331266449.m580x360.jpg,https://rbv01.ku6.com/2MXUO9pYvT5940jDvyLa2A.mp4
张艺兴化身“暴力小绵羊”！黄渤智商下线跳芭蕾,https://rbv01.ku6.com/ku6_video_cover_vid_331161397.m580x360.jpg,https://rbv01.ku6.com/74ALk1pisecqV0Vsc5UloA.mp4
辣妈Baby产后复出看剧本  甜笑可爱少女模样,https://rbv01.ku6.com/ku6_video_cover_vid_331305527.m580x360.jpg,https://rbv01.ku6.com/_qJ6syJRKoByHWOiQrYglg.mp4
蜜蜂少女队之冰蜂肌蜜：曾咏熙歌声撩人获崔恕力挺,https://rbv01.ku6.com/ku6_video_cover_vid_299345476.m580x360.jpg,https://rbv01.ku6.com/BrscheSMgOCfcrj1BIZsbQ.mp4
一条红裙两种明艳 杨幂王鸥撞衫搞事情！,https://rbv01.ku6.com/ku6_video_cover_vid_331316687.m580x360.jpg,https://rbv01.ku6.com/5PHc494po7H-XgrX7EXS5Q.mp4
明星姐妹花都是美人胚 赵丽颖张碧晨闺蜜情深,https://rbv01.ku6.com/ku6_video_cover_vid_331316706.m580x360.jpg,https://rbv01.ku6.com/-e6SeIEG9O6Af3D_D3ZHnA.mp4
李晨晒范冰冰与爱宠亲密照  网友送祝福狂催婚,https://rbv01.ku6.com/ku6_video_cover_vid_331307494.m580x360.jpg,https://rbv01.ku6.com/BU8yukxQr45XMN7zRFeBGg.mp4
陈妍希机场露给儿子喂奶_奶爸陈晓姿势专业满眼宠溺,https://rbv01.ku6.com/ku6_video_cover_vid_331327081.m580x360.jpg,https://rbv01.ku6.com/8WSDRee4oWUopLY6zFSP_Q.mp4
《奔跑吧兄弟》首席冠名商与鹿晗那点事儿,https://rbv01.ku6.com/ku6_video_cover_vid_287985600.m580x360.jpg,https://rbv01.ku6.com/vr6-NgZp79vabBNX6JkYVg.mp4
“韩红爱心 百人援青”公益短片之志愿者篇,https://rbv01.ku6.com/ku6_video_cover_vid_267779842.m580x360.jpg,https://rbv01.ku6.com/a7tot99Cax2UL--k3YJBNA.mp4
吴奇隆新春送独家甜蜜大礼,https://rbv01.ku6.com/ku6_video_cover_vid_294375303.m580x360.jpg,https://rbv01.ku6.com/-_ImWb_rAedmeOo8QqI2FA.mp4
沈梦辰真是枚美少女 吃个包子都要美美哒,https://rbv01.ku6.com/ku6_video_cover_vid_331198430.m580x360.jpg,https://rbv01.ku6.com/DE5CzaEOVpUYxfDm-5SoGw.mp4
莫文蔚扎马尾清新迷人 玩起下衣失踪大秀长腿 　,https://rbv01.ku6.com/ku6_video_cover_vid_331209378.m580x360.jpg,https://rbv01.ku6.com/702DEszrU6BZRv-0hZ2HPw.mp4
李冰冰机场煲电话粥 男友推行李随行秀恩爱,https://rbv01.ku6.com/ku6_video_cover_vid_331290481.m580x360.jpg,https://rbv01.ku6.com/1uusvSMEW9peyuwoYSn0CQ.mp4
[冰蜂肌蜜],https://rbv01.ku6.com/ku6_video_cover_vid_297266308.m580x360.jpg,https://rbv01.ku6.com/2KQujOF8MuzRebm_j9QJDw.mp4
关悦称佟大为带孩子捡垃圾 娱乐圈模范夫妻呼吁环保,https://rbv01.ku6.com/ku6_video_cover_vid_331286784.m580x360.jpg,https://rbv01.ku6.com/3X4UajsRzrhri11OmvndVQ.mp4
王思聪被街头相亲嫌弃 家长：他太帅可能买不起房,https://rbv01.ku6.com/ku6_video_cover_vid_331272711.m580x360.jpg,https://rbv01.ku6.com/A2HOgUWh1wqt58L6-GogvA.mp4
Angelababy公开怀孕最胖体重 分享瘦身秘方,https://rbv01.ku6.com/ku6_video_cover_vid_331303364.m580x360.jpg,https://rbv01.ku6.com/8xUkJbaozW0K5Ze3JLjMnA.mp4
孙红雷探班景甜 陈柏霖不甘被拆CP搞怪抢镜,https://rbv01.ku6.com/kU1A4efTRg9_chaTg5EwRw.mp4.vframe/000005.jpg,https://rbv01.ku6.com/kU1A4efTRg9_chaTg5EwRw.mp4
专访&quot;遇见&quot;夏梓桐：我可能一辈子也成不了流量小花,https://rbv01.ku6.com/ku6_video_cover_vid_331277208.m580x360.jpg,https://rbv01.ku6.com/BSkUjY-NKOWhfgZ3hxV6Rg.mp4
张柏芝买全世界最贵鞋子  霸气喊停菲佣帮系鞋带,https://rbv01.ku6.com/o3MePwYW9SF5wzHx2xOC6g.mp4.vframe/000001.jpg,https://rbv01.ku6.com/o3MePwYW9SF5wzHx2xOC6g.mp4
从方媛带着孕肚结婚，郭富城116天只陪了她3次,https://rbv01.ku6.com/4qK5lGocrWEi_Sf0gFxxFg.mp4.vframe/000005.jpg,https://rbv01.ku6.com/4qK5lGocrWEi_Sf0gFxxFg.mp4
微小微《僵尸全明星》,https://rbv01.ku6.com/ku6_video_cover_vid_279776590.m580x360.jpg,https://rbv01.ku6.com/cChYb3icK-WNihsaBKQrrw.mp4
包贝尔贾玲尬舞尬到外太空,https://rbv01.ku6.com/hrNnM3PzhF3XgI6ZPPklGQ.mp4.vframe/000001.jpg,https://rbv01.ku6.com/hrNnM3PzhF3XgI6ZPPklGQ.mp4
5.1纽约时代广场游客随拍 惊现“秦岚”,https://rbv01.ku6.com/ku6_video_cover_vid_278437357.m580x360.jpg,https://rbv01.ku6.com/FskfB6KMWWtjSrwM72Y1xw.mp4
再见十八岁《火星情报局3》主题曲,https://rbv01.ku6.com/ku6_video_cover_vid_331007157.m580x360.jpg,https://rbv01.ku6.com/R1bx4MLhK5JEH6AMOx0OtA.mp4
《我们的爱》靳东认怂，心疼一秒,https://rbv01.ku6.com/ku6_video_cover_vid_331646749.m580x360.jpg,https://rbv01.ku6.com/a3_8vshed53fgtDq70GF4g.mp4
胡歌最近会拍新戏吗？《猎场》跟谁合作最难忘？,https://rbv01.ku6.com/Bgk-HSEZ98HXzgDHgbyNwA.jpg,https://rbv01.ku6.com/Bgk-HSEZ98HXzgDHgbyNwA.mp4
MV首发 9月29日 周笔畅《MY OWN LIFE》,https://rbv01.ku6.com/ku6_video_cover_vid_308334190.m580x360.jpg,https://rbv01.ku6.com/nIeq_O6qUDUUzV0iMyVhug.mp4
杨幂竟破票房毒药魔咒？ 跟男神张震尬戏,https://rbv01.ku6.com/wcrZ31EFd6wRxAxHH6jkOw.jpg,https://rbv01.ku6.com/wcrZ31EFd6wRxAxHH6jkOw.mp4
想不到！娱乐圈CP集体告白我愿意,https://rbv01.ku6.com/ku6_video_cover_vid_331116842.m580x360.jpg,https://rbv01.ku6.com/EFV5F93JjPgHbKwEVispew.mp4
天啦噜！直男癌吴京扮女装丑出天际,https://rbv01.ku6.com/M3_cMevfRaU-v05yhdNbiQ.mp4.vframe/000002.jpg,https://rbv01.ku6.com/M3_cMevfRaU-v05yhdNbiQ.mp4
东星818-陈伟霆刘诗诗演古偶还靠发型抢戏,https://rbv01.ku6.com/fc17DfOriF5NuUtcHwJPBQ.mp4.vframe/000001.jpg,https://rbv01.ku6.com/fc17DfOriF5NuUtcHwJPBQ.mp4
邓伦“狂追”赵丽颖，被打被虐怎么还能笑出来？,https://rbv01.ku6.com/AZ6rbcnQJL2hdVhILZAjOg.mp4.vframe/000005.jpg,https://rbv01.ku6.com/AZ6rbcnQJL2hdVhILZAjOg.mp4
谁说明星的衣服都很贵？华晨宇自曝穿几十块的二手衣,https://rbv01.ku6.com/Nj9DxHsbvtK2ToRo8SDpsw.mp4.vframe/000001.jpg,https://rbv01.ku6.com/Nj9DxHsbvtK2ToRo8SDpsw.mp4
没想到赵丽颖为报张睿的“一饭之恩”竟然会这么做！,https://rbv01.ku6.com/qN9OyV1k3Oe0Cgqo5690zQ.mp4.vframe/000005.jpg,https://rbv01.ku6.com/qN9OyV1k3Oe0Cgqo5690zQ.mp4
网友扒出曹格女儿Grace胞弟 表情与姐姐神同步,https://rbv01.ku6.com/ku6_video_cover_vid_267432844.m580x360.jpg,https://rbv01.ku6.com/HeHCevjRtuuslD6IGalCsg.mp4
看过了韩雪的演技，才知道败给了她的品味？.mp4..,https://rbv01.ku6.com/ku6_video_cover_vid_331642658.m580x360.jpg,https://rbv01.ku6.com/tlhsVwjMfTuKpM8wit-Ucg.mp4
暖心汪涵上线 频出金句引众嘉宾泪洒录制现场,https://rbv01.ku6.com/ku6_video_cover_vid_330792682.m580x360.jpg,https://rbv01.ku6.com/UYyk1dlJpJnPQiGl4ub68Q.mp4
如果好朋友被“绿”了，你要怎么善意的提醒Ta呢？,https://rbv01.ku6.com/e2XRFJx5osRRSvNK3nTpIw.mp4.vframe/000001.jpg,https://rbv01.ku6.com/e2XRFJx5osRRSvNK3nTpIw.mp4
网友扒出曹格女儿Grace胞弟 表情与姐姐神同步,https://rbv01.ku6.com/ku6_video_cover_vid_267432844.m580x360.jpg,https://rbv01.ku6.com/HeHCevjRtuuslD6IGalCsg.mp4
从朱七七、长公主到霸道女总裁，这个星二代不简单,https://rbv01.ku6.com/ku6_video_cover_vid_331257111.m580x360.jpg,https://rbv01.ku6.com/d104JYBo5APVEACmniLgAg.mp4
杨紫和张一山根本不是兄弟般的友谊，你们都被骗了,https://rbv01.ku6.com/U3gba5N3iuTXYc1sxUEgFQ.mp4.vframe/000001.jpg,https://rbv01.ku6.com/U3gba5N3iuTXYc1sxUEgFQ.mp4
演过三国戏的演员那么多，缘分最深的那个还得是他,https://rbv01.ku6.com/ku6_video_cover_vid_331306583.m580x360.jpg,https://rbv01.ku6.com/Q5TnqmXQpGERBcBiwIGtEA.mp4
少女吃错药致切肝  北京卫视《生命缘》跟踪报道,https://rbv01.ku6.com/ku6_video_cover_vid_331643271.m580x360.jpg,https://rbv01.ku6.com/gigRjCrlS-apBLQemw10vg.mp4
超魔性！外国小哥神模仿张艺谋,https://rbv01.ku6.com/ku6_video_cover_vid_331647666.m580x360.jpg,https://rbv01.ku6.com/mDsricSRaEsPFvLE1Tvffg.mp4
楚乔传大结局番外：三生三世虐恋情深,https://rbv01.ku6.com/WZ4be61gPupnUrkFV3t_Nw.mp4.vframe/000002.jpg,https://rbv01.ku6.com/WZ4be61gPupnUrkFV3t_Nw.mp4
TFboys演唱会警方收走大量假票 警方长点心,https://rbv01.ku6.com/ku6_video_cover_vid_331635771.m580x360.jpg,https://rbv01.ku6.com/ZWK75r5xKgaKWDgKVtkRpg.mp4
撞脸张柏芝、赵丽颖、吴亦凡 宋祖儿会不会很崩溃？,https://rbv01.ku6.com/UlB-xeUigjjcmw9msjYlOw.mp4.vframe/000001.jpg,https://rbv01.ku6.com/UlB-xeUigjjcmw9msjYlOw.mp4
王蓉《叶问》首发，打造功夫巨作《叶问3》宣传曲,https://rbv01.ku6.com/ku6_video_cover_vid_291400404.m580x360.jpg,https://rbv01.ku6.com/GSosThY1dkBwc0yS-hLkOQ.mp4
彭于晏余文乐兄弟情深互撩 吴秀波向李晨鞠躬为啥？,https://rbv01.ku6.com/5YalzKex4zzXQkvwHqffUg.mp4.vframe/000005.jpg,https://rbv01.ku6.com/5YalzKex4zzXQkvwHqffUg.mp4
衣品好有何秘诀? 黄景瑜的答案让我笑了三天,https://rbv01.ku6.com/M6Hio1EsYk-da7QufvWmoA.mp4.vframe/000001.jpg,https://rbv01.ku6.com/M6Hio1EsYk-da7QufvWmoA.mp4
张艺谋遭英国网友恶搞《2047》红遍爱丁堡,https://rbv01.ku6.com/ku6_video_cover_vid_331648680.m580x360.jpg,https://rbv01.ku6.com/FtLCuxy2Ps3CHjshgFtfxw.mp4
欧阳靖freestyle超带感，吴亦凡自愧不如,https://rbv01.ku6.com/iGgd5QGI8tL05CXepAT29A.jpg,https://rbv01.ku6.com/iGgd5QGI8tL05CXepAT29A.mp4
